mean_fit_time,std_fit_time,mean_score_time,std_score_time,param_max_depth,param_max_features,param_min_samples_leaf,param_min_samples_split,param_n_estimators,params,split0_test_score,split1_test_score,split2_test_score,split3_test_score,split4_test_score,mean_test_score,std_test_score,rank_test_score,split0_train_score,split1_train_score,split2_train_score,split3_train_score,split4_train_score,mean_train_score,std_train_score
0.6597435951232911,0.03388199817571326,0.10325708389282226,0.00905700997018167,,sqrt,1,2,100,"{'max_depth': None, 'max_features': 'sqrt', 'min_samples_leaf': 1, 'min_samples_split': 2, 'n_estimators': 100}",0.9724729001999517,0.97350629407367,0.9720032584511009,0.9714330413016271,0.9720510703169664,0.9722933128686633,0.0006908625335491401,17,0.9830363089488774,0.9832761300965043,0.9830578949434466,0.9838765371199042,0.9835911450194209,0.9833676032256307,0.0003234276096830342
1.3771914958953857,0.030376759612269242,0.16756396293640136,0.011083863434718942,,sqrt,1,2,200,"{'max_depth': None, 'max_features': 'sqrt', 'min_samples_leaf': 1, 'min_samples_split': 2, 'n_estimators': 200}",0.9726940162006793,0.97350629407367,0.9720032584511009,0.9714330413016271,0.9722617607993181,0.972379674165279,0.0006956708220847903,13,0.9830363089488774,0.9832761300965043,0.9830578949434466,0.9838765371199042,0.9835911450194209,0.9833676032256307,0.0003234276096830342
2.0210121631622315,0.05763696290842692,0.2374734878540039,0.015183341122393999,,sqrt,1,2,300,"{'max_depth': None, 'max_features': 'sqrt', 'min_samples_leaf': 1, 'min_samples_split': 2, 'n_estimators': 300}",0.9726940162006793,0.97350629407367,0.9717838820702642,0.9714330413016271,0.9722617607993181,0.9723357988891118,0.0007243540149414196,15,0.9830363089488774,0.9832761300965043,0.9830578949434466,0.9838765371199042,0.9835911450194209,0.9833676032256307,0.0003234276096830342
0.6610776901245117,0.036719332723725275,0.09764070510864258,0.015995405104450678,,sqrt,1,5,100,"{'max_depth': None, 'max_features': 'sqrt', 'min_samples_leaf': 1, 'min_samples_split': 5, 'n_estimators': 100}",0.9738659821647374,0.973692400936983,0.9723137826856965,0.9721232280034845,0.9720250454713731,0.9728040878524549,0.0008034420935715583,1,0.982771319094189,0.9830232803939617,0.9827543334954568,0.9836502122749137,0.9833828717010714,0.9831164033919185,0.000350658511534811
1.319328212738037,0.04261271322152132,0.17560772895812987,0.01330818240357687,,sqrt,1,5,200,"{'max_depth': None, 'max_features': 'sqrt', 'min_samples_leaf': 1, 'min_samples_split': 5, 'n_estimators': 200}",0.9738659821647374,0.973692400936983,0.971854186961448,0.9722617607993181,0.9718872435755762,0.9727123148876127,0.0008844933063134885,3,0.9827188083480509,0.9830101873151494,0.9827543334954568,0.9835748388235163,0.9833828717010714,0.983088207936649,0.00033989756399062436
1.9514230728149413,0.08191768825978536,0.23929157257080078,0.013117500569082952,,sqrt,1,5,300,"{'max_depth': None, 'max_features': 'sqrt', 'min_samples_leaf': 1, 'min_samples_split': 5, 'n_estimators': 300}",0.9740065233308925,0.973692400936983,0.9720844811753903,0.9718396082032447,0.9718872435755762,0.9727020514444173,0.0009456798892421458,5,0.982771319094189,0.9830101873151494,0.9827543334954568,0.9835501417298705,0.9833828717010714,0.9830937706671474,0.00032187971103094697
0.6382229804992676,0.016403092269915546,0.10384516716003418,0.012410219750344183,,sqrt,1,10,100,"{'max_depth': None, 'max_features': 'sqrt', 'min_samples_leaf': 1, 'min_samples_split': 10, 'n_estimators': 100}",0.9737977422187948,0.9736032283821402,0.9702807759920201,0.9708552926607505,0.9703771880486101,0.9717828454604632,0.0015789897132058664,43,0.9811994216534669,0.9814322130111605,0.981366944941125,0.9822285730104099,0.9818525906657753,0.9816159486563876,0.00037431655626008934
1.2441465377807617,0.038296455420152545,0.17145051956176757,0.015050054356401608,,sqrt,1,10,200,"{'max_depth': None, 'max_features': 'sqrt', 'min_samples_leaf': 1, 'min_samples_split': 10, 'n_estimators': 200}",0.9742211193824097,0.9733633140188532,0.9701465888192548,0.9708552926607505,0.9706171337669022,0.971840689729634,0.00163235440574545,39,0.9811783416241977,0.9815482908117641,0.981345127916688,0.9822285730104099,0.9818199240414902,0.9816240514809099,0.00037040724875610795
1.8548851490020752,0.04080388852117669,0.23459582328796386,0.013845409826193044,,sqrt,1,10,300,"{'max_depth': None, 'max_features': 'sqrt', 'min_samples_leaf': 1, 'min_samples_split': 10, 'n_estimators': 300}",0.9740259740259741,0.9733633140188532,0.9701465888192548,0.9712632275132275,0.9702428297384551,0.971808386823153,0.0016028244975948354,41,0.9812556705506147,0.9815095727197587,0.9813284003006734,0.9822438525318868,0.9819330750297812,0.9816541142265429,0.0003771868423233482
0.6421592712402344,0.04360819689998248,0.10328965187072754,0.0094494694294721,,sqrt,2,2,100,"{'max_depth': None, 'max_features': 'sqrt', 'min_samples_leaf': 2, 'min_samples_split': 2, 'n_estimators': 100}",0.9715385800092408,0.9713250129448104,0.9691974536561689,0.9709825528007346,0.9693553896452447,0.9704797978112399,0.0009996870710460746,107,0.9804999146121517,0.9808512111411135,0.9805604767984873,0.9817565689532031,0.9810862298765554,0.9809508802763022,0.00045457069870744336
1.260358715057373,0.05751688752836662,0.1587049961090088,0.009215071683530264,,sqrt,2,2,200,"{'max_depth': None, 'max_features': 'sqrt', 'min_samples_leaf': 2, 'min_samples_split': 2, 'n_estimators': 200}",0.9718126913578065,0.9710680402041519,0.9702983114793512,0.9709825528007346,0.9699896591934172,0.9708302510070922,0.0006378844471669404,85,0.9804004543531036,0.9808129182445758,0.9807354613693229,0.9818299749200033,0.9811255334281649,0.980980868463034,0.0004831608808530544
1.8258919715881348,0.03463400133366745,0.2217618465423584,0.018556212793324058,,sqrt,2,2,300,"{'max_depth': None, 'max_features': 'sqrt', 'min_samples_leaf': 2, 'min_samples_split': 2, 'n_estimators': 300}",0.9716754850088183,0.9708097253101915,0.9702983114793512,0.9709825528007346,0.9701085646413247,0.9707749278480842,0.0005525441648137693,93,0.9804004543531036,0.9808129182445758,0.9807354613693229,0.9818299749200033,0.9812227128690646,0.981000304351214,0.0004904883647506287
0.608357286453247,0.017227247244096282,0.09592533111572266,0.005945042487686558,,sqrt,2,5,100,"{'max_depth': None, 'max_features': 'sqrt', 'min_samples_leaf': 2, 'min_samples_split': 5, 'n_estimators': 100}",0.9718126913578065,0.9714438122332859,0.9698914390338628,0.9708858214955777,0.9699896591934172,0.97080468466279,0.0007654317511943058,89,0.9804021698232402,0.9808131715700439,0.9809641800143556,0.9817782668321743,0.9810863833456208,0.981008834317087,0.00044863347457079264
1.227794361114502,0.061321729924153696,0.15404973030090333,0.019451655656413193,,sqrt,2,5,200,"{'max_depth': None, 'max_features': 'sqrt', 'min_samples_leaf': 2, 'min_samples_split': 5, 'n_estimators': 200}",0.9717884307973369,0.9714438122332859,0.9700254422266813,0.9709825528007346,0.970474945533769,0.9709430367183616,0.0006368858287221721,71,0.9804811399014297,0.9809479221959564,0.9808124027363306,0.9817738139175836,0.9812770846877109,0.9810584726878023,0.0004394517629989407
1.8700725078582763,0.06512924121967496,0.21108922958374024,0.009940536021223025,,sqrt,2,5,300,"{'max_depth': None, 'max_features': 'sqrt', 'min_samples_leaf': 2, 'min_samples_split': 5, 'n_estimators': 300}",0.9717884307973369,0.9714438122332859,0.9701637120991959,0.9709825528007346,0.9702254916941345,0.9709207999249376,0.0006460300511279857,73,0.9805199506563116,0.9809479221959564,0.9808702373214819,0.981847067374726,0.9813161426591274,0.9811002640415207,0.00045104384507960464
0.6116924285888672,0.025440055337862345,0.09081387519836426,0.0072253280957742284,,sqrt,2,10,100,"{'max_depth': None, 'max_features': 'sqrt', 'min_samples_leaf': 2, 'min_samples_split': 10, 'n_estimators': 100}",0.9735995633010471,0.9724445622808662,0.9698754501800719,0.9711883098979873,0.9702425913889718,0.9714700954097889,0.001386598845172556,57,0.9792435649267958,0.9789129478928174,0.9799698534942148,0.9800618898184451,0.9807152393715365,0.979780699100762,0.0006371370969743774
1.1833935737609864,0.04667197631562369,0.16098237037658691,0.016032392968788754,,sqrt,2,10,200,"{'max_depth': None, 'max_features': 'sqrt', 'min_samples_leaf': 2, 'min_samples_split': 10, 'n_estimators': 200}",0.9734581795264248,0.9721664732518716,0.9696176251141192,0.9710801695061835,0.9702575295016854,0.9713159953800569,0.0013691377539226943,61,0.9791437743735592,0.9794058761383773,0.9803648807976518,0.9798649702117137,0.9805575350542869,0.9798674073151178,0.0005404475484041911
1.8114779472351075,0.06980187243420695,0.22109546661376953,0.012044287265648948,,sqrt,2,10,300,"{'max_depth': None, 'max_features': 'sqrt', 'min_samples_leaf': 2, 'min_samples_split': 10, 'n_estimators': 300}",0.9733434606481483,0.9715025906735751,0.9694845665883746,0.9711883098979873,0.9703918825591896,0.9711821620734551,0.0012868796333865506,65,0.979066890798947,0.9794443321429375,0.9804443096519826,0.9798649702117137,0.980478168925374,0.979859734346191,0.0005523362946670459
0.5769442081451416,0.0261417406734176,0.0903693675994873,0.007783307560767917,,sqrt,4,2,100,"{'max_depth': None, 'max_features': 'sqrt', 'min_samples_leaf': 4, 'min_samples_split': 2, 'n_estimators': 100}",0.9703886015344088,0.9690625,0.9682497026519958,0.970977331846897,0.9681433071696738,0.9693642886405952,0.0011380069728904982,137,0.976130198915009,0.9752837541263656,0.9759134503917003,0.9764148414970144,0.9766792939300899,0.9760843077720359,0.0004765386558588025
1.148142671585083,0.03447406987271556,0.15936627388000488,0.01922379550966406,,sqrt,4,2,200,"{'max_depth': None, 'max_features': 'sqrt', 'min_samples_leaf': 4, 'min_samples_split': 2, 'n_estimators': 200}",0.9695189005101176,0.9696262025409416,0.969029184038118,0.9708410764518057,0.9681735985533454,0.9694377924188657,0.0008690719086598106,129,0.9761454107739725,0.974970703125,0.9762604844029781,0.9767782144546127,0.977024916572915,0.9762359458658956,0.0007107978524031384
1.7017194747924804,0.07791782933982964,0.2134932041168213,0.015154086637834439,,sqrt,4,2,300,"{'max_depth': None, 'max_features': 'sqrt', 'min_samples_leaf': 4, 'min_samples_split': 2, 'n_estimators': 300}",0.970674964878044,0.9699218749999999,0.969029184038118,0.9709766606318331,0.9681735985533454,0.9697552566202681,0.0010386795808683788,121,0.9762644559752949,0.974903919120707,0.9764588501700472,0.9761753691291176,0.9774174463381011,0.9762440081466537,0.0008030046463191323
0.5790382862091065,0.029140388273231774,0.08726577758789063,0.003249369731344123,,sqrt,4,5,100,"{'max_depth': None, 'max_features': 'sqrt', 'min_samples_leaf': 4, 'min_samples_split': 5, 'n_estimators': 100}",0.9703886015344088,0.9690625,0.9682497026519958,0.970977331846897,0.9681433071696738,0.9693642886405952,0.0011380069728904982,137,0.976130198915009,0.9752837541263656,0.9759134503917003,0.9764148414970144,0.9766792939300899,0.9760843077720359,0.0004765386558588025
1.1230424880981444,0.01857214119687494,0.14280142784118652,0.008416520570389573,,sqrt,4,5,200,"{'max_depth': None, 'max_features': 'sqrt', 'min_samples_leaf': 4, 'min_samples_split': 5, 'n_estimators': 200}",0.9695189005101176,0.9696262025409416,0.969029184038118,0.9708410764518057,0.9681735985533454,0.9694377924188657,0.0008690719086598106,129,0.9761454107739725,0.974970703125,0.9762604844029781,0.9767782144546127,0.977024916572915,0.9762359458658956,0.0007107978524031384
1.7032577991485596,0.04677067787803012,0.20630183219909667,0.01307553465087712,,sqrt,4,5,300,"{'max_depth': None, 'max_features': 'sqrt', 'min_samples_leaf': 4, 'min_samples_split': 5, 'n_estimators': 300}",0.970674964878044,0.9699218749999999,0.969029184038118,0.9709766606318331,0.9681735985533454,0.9697552566202681,0.0010386795808683788,121,0.9762644559752949,0.974903919120707,0.9764588501700472,0.9761753691291176,0.9774174463381011,0.9762440081466537,0.0008030046463191323
0.5910904407501221,0.014933941995566954,0.0875514030456543,0.01087749894291234,,sqrt,4,10,100,"{'max_depth': None, 'max_features': 'sqrt', 'min_samples_leaf': 4, 'min_samples_split': 10, 'n_estimators': 100}",0.970674964878044,0.9699452095938922,0.969029184038118,0.9716400239533002,0.9678839777687666,0.9698346720464242,0.0012985857843318676,113,0.9761733321509857,0.9756327945569359,0.9764497920694111,0.9762230974195479,0.9772036801493161,0.9763365392692392,0.0005098081481208948
1.1304415702819823,0.046799493572389925,0.1533423900604248,0.008244184218786945,,sqrt,4,10,200,"{'max_depth': None, 'max_features': 'sqrt', 'min_samples_leaf': 4, 'min_samples_split': 10, 'n_estimators': 200}",0.9702357943563973,0.9703715186776667,0.9694921874999999,0.970971466270823,0.9677548301132578,0.969765159383629,0.0011099804143959785,117,0.9754961442674107,0.9754333990736986,0.976637241005057,0.9765053610553256,0.9771656914514057,0.9762475673705795,0.0006765739647247165
1.6737165451049805,0.04466144492991151,0.20625824928283693,0.011945726936395812,,sqrt,4,10,300,"{'max_depth': None, 'max_features': 'sqrt', 'min_samples_leaf': 4, 'min_samples_split': 10, 'n_estimators': 300}",0.971096907829439,0.9696262025409416,0.9694921874999999,0.9711077947422799,0.9689001979078316,0.9700446581040983,0.0008975084360040735,111,0.9757250655893729,0.975078125,0.9767025901303349,0.976609090145589,0.9777809997905692,0.9763791741311731,0.0009212123846021932
0.7014871120452881,0.046800957712315544,0.10048632621765137,0.007521692293935514,,log2,1,2,100,"{'max_depth': None, 'max_features': 'log2', 'min_samples_leaf': 1, 'min_samples_split': 2, 'n_estimators': 100}",0.9724729001999517,0.97350629407367,0.9720032584511009,0.9714330413016271,0.9720510703169664,0.9722933128686633,0.0006908625335491401,17,0.9830363089488774,0.9832761300965043,0.9830578949434466,0.9838765371199042,0.9835911450194209,0.9833676032256307,0.0003234276096830342
1.363310956954956,0.037885217164097325,0.15806927680969238,0.007499123276360879,,log2,1,2,200,"{'max_depth': None, 'max_features': 'log2', 'min_samples_leaf': 1, 'min_samples_split': 2, 'n_estimators': 200}",0.9726940162006793,0.97350629407367,0.9720032584511009,0.9714330413016271,0.9722617607993181,0.972379674165279,0.0006956708220847903,13,0.9830363089488774,0.9832761300965043,0.9830578949434466,0.9838765371199042,0.9835911450194209,0.9833676032256307,0.0003234276096830342
2.0151544570922852,0.08572418135330913,0.24421534538269044,0.027391985050787084,,log2,1,2,300,"{'max_depth': None, 'max_features': 'log2', 'min_samples_leaf': 1, 'min_samples_split': 2, 'n_estimators': 300}",0.9726940162006793,0.97350629407367,0.9717838820702642,0.9714330413016271,0.9722617607993181,0.9723357988891118,0.0007243540149414196,15,0.9830363089488774,0.9832761300965043,0.9830578949434466,0.9838765371199042,0.9835911450194209,0.9833676032256307,0.0003234276096830342
0.6640172958374023,0.03235180788523363,0.10713000297546386,0.015896501565994106,,log2,1,5,100,"{'max_depth': None, 'max_features': 'log2', 'min_samples_leaf': 1, 'min_samples_split': 5, 'n_estimators': 100}",0.9738659821647374,0.973692400936983,0.9723137826856965,0.9721232280034845,0.9720250454713731,0.9728040878524549,0.0008034420935715583,1,0.982771319094189,0.9830232803939617,0.9827543334954568,0.9836502122749137,0.9833828717010714,0.9831164033919185,0.000350658511534811
1.2820250988006592,0.050404360180628896,0.1767564296722412,0.013050338594933054,,log2,1,5,200,"{'max_depth': None, 'max_features': 'log2', 'min_samples_leaf': 1, 'min_samples_split': 5, 'n_estimators': 200}",0.9738659821647374,0.973692400936983,0.971854186961448,0.9722617607993181,0.9718872435755762,0.9727123148876127,0.0008844933063134885,3,0.9827188083480509,0.9830101873151494,0.9827543334954568,0.9835748388235163,0.9833828717010714,0.983088207936649,0.00033989756399062436
1.9192490100860595,0.07139628923682888,0.24732427597045897,0.02452349074813342,,log2,1,5,300,"{'max_depth': None, 'max_features': 'log2', 'min_samples_leaf': 1, 'min_samples_split': 5, 'n_estimators': 300}",0.9740065233308925,0.973692400936983,0.9720844811753903,0.9718396082032447,0.9718872435755762,0.9727020514444173,0.0009456798892421458,5,0.982771319094189,0.9830101873151494,0.9827543334954568,0.9835501417298705,0.9833828717010714,0.9830937706671474,0.00032187971103094697
0.6508427143096924,0.022369938187702575,0.11162519454956055,0.03163315142381992,,log2,1,10,100,"{'max_depth': None, 'max_features': 'log2', 'min_samples_leaf': 1, 'min_samples_split': 10, 'n_estimators': 100}",0.9737977422187948,0.9736032283821402,0.9702807759920201,0.9708552926607505,0.9703771880486101,0.9717828454604632,0.0015789897132058664,43,0.9811994216534669,0.9814322130111605,0.981366944941125,0.9822285730104099,0.9818525906657753,0.9816159486563876,0.00037431655626008934
1.2447020530700683,0.02316900963304141,0.16287484169006347,0.015092066107450286,,log2,1,10,200,"{'max_depth': None, 'max_features': 'log2', 'min_samples_leaf': 1, 'min_samples_split': 10, 'n_estimators': 200}",0.9742211193824097,0.9733633140188532,0.9701465888192548,0.9708552926607505,0.9706171337669022,0.971840689729634,0.00163235440574545,39,0.9811783416241977,0.9815482908117641,0.981345127916688,0.9822285730104099,0.9818199240414902,0.9816240514809099,0.00037040724875610795
1.8169677257537842,0.07044883971496053,0.23021893501281737,0.021230546868872546,,log2,1,10,300,"{'max_depth': None, 'max_features': 'log2', 'min_samples_leaf': 1, 'min_samples_split': 10, 'n_estimators': 300}",0.9740259740259741,0.9733633140188532,0.9701465888192548,0.9712632275132275,0.9702428297384551,0.971808386823153,0.0016028244975948354,41,0.9812556705506147,0.9815095727197587,0.9813284003006734,0.9822438525318868,0.9819330750297812,0.9816541142265429,0.0003771868423233482
0.637283182144165,0.026074610202955463,0.10699114799499512,0.014203461099507843,,log2,2,2,100,"{'max_depth': None, 'max_features': 'log2', 'min_samples_leaf': 2, 'min_samples_split': 2, 'n_estimators': 100}",0.9715385800092408,0.9713250129448104,0.9691974536561689,0.9709825528007346,0.9693553896452447,0.9704797978112399,0.0009996870710460746,107,0.9804999146121517,0.9808512111411135,0.9805604767984873,0.9817565689532031,0.9810862298765554,0.9809508802763022,0.00045457069870744336
1.2239426612854003,0.02591857765548486,0.1468047618865967,0.010194963276885245,,log2,2,2,200,"{'max_depth': None, 'max_features': 'log2', 'min_samples_leaf': 2, 'min_samples_split': 2, 'n_estimators': 200}",0.9718126913578065,0.9710680402041519,0.9702983114793512,0.9709825528007346,0.9699896591934172,0.9708302510070922,0.0006378844471669404,85,0.9804004543531036,0.9808129182445758,0.9807354613693229,0.9818299749200033,0.9811255334281649,0.980980868463034,0.0004831608808530544
1.811069917678833,0.06790393273321309,0.22791824340820313,0.02128073290978575,,log2,2,2,300,"{'max_depth': None, 'max_features': 'log2', 'min_samples_leaf': 2, 'min_samples_split': 2, 'n_estimators': 300}",0.9716754850088183,0.9708097253101915,0.9702983114793512,0.9709825528007346,0.9701085646413247,0.9707749278480842,0.0005525441648137693,93,0.9804004543531036,0.9808129182445758,0.9807354613693229,0.9818299749200033,0.9812227128690646,0.981000304351214,0.0004904883647506287
0.6324338436126709,0.0123519938136775,0.09827771186828613,0.012319213293275063,,log2,2,5,100,"{'max_depth': None, 'max_features': 'log2', 'min_samples_leaf': 2, 'min_samples_split': 5, 'n_estimators': 100}",0.9718126913578065,0.9714438122332859,0.9698914390338628,0.9708858214955777,0.9699896591934172,0.97080468466279,0.0007654317511943058,89,0.9804021698232402,0.9808131715700439,0.9809641800143556,0.9817782668321743,0.9810863833456208,0.981008834317087,0.00044863347457079264
1.2093477725982666,0.07140167315192843,0.15614089965820313,0.011056955767623118,,log2,2,5,200,"{'max_depth': None, 'max_features': 'log2', 'min_samples_leaf': 2, 'min_samples_split': 5, 'n_estimators': 200}",0.9717884307973369,0.9714438122332859,0.9700254422266813,0.9709825528007346,0.970474945533769,0.9709430367183616,0.0006368858287221721,71,0.9804811399014297,0.9809479221959564,0.9808124027363306,0.9817738139175836,0.9812770846877109,0.9810584726878023,0.0004394517629989407
1.8260602474212646,0.03222891372165152,0.23643889427185058,0.024850665772801105,,log2,2,5,300,"{'max_depth': None, 'max_features': 'log2', 'min_samples_leaf': 2, 'min_samples_split': 5, 'n_estimators': 300}",0.9717884307973369,0.9714438122332859,0.9701637120991959,0.9709825528007346,0.9702254916941345,0.9709207999249376,0.0006460300511279857,73,0.9805199506563116,0.9809479221959564,0.9808702373214819,0.981847067374726,0.9813161426591274,0.9811002640415207,0.00045104384507960464
0.6151824951171875,0.07047460002044927,0.11700787544250488,0.01940673083679322,,log2,2,10,100,"{'max_depth': None, 'max_features': 'log2', 'min_samples_leaf': 2, 'min_samples_split': 10, 'n_estimators': 100}",0.9735995633010471,0.9724445622808662,0.9698754501800719,0.9711883098979873,0.9702425913889718,0.9714700954097889,0.001386598845172556,57,0.9792435649267958,0.9789129478928174,0.9799698534942148,0.9800618898184451,0.9807152393715365,0.979780699100762,0.0006371370969743774
1.1759348869323731,0.03060758948322747,0.14924321174621583,0.014596942852294677,,log2,2,10,200,"{'max_depth': None, 'max_features': 'log2', 'min_samples_leaf': 2, 'min_samples_split': 10, 'n_estimators': 200}",0.9734581795264248,0.9721664732518716,0.9696176251141192,0.9710801695061835,0.9702575295016854,0.9713159953800569,0.0013691377539226943,61,0.9791437743735592,0.9794058761383773,0.9803648807976518,0.9798649702117137,0.9805575350542869,0.9798674073151178,0.0005404475484041911
1.7783926010131836,0.06905796957145471,0.22540106773376464,0.023738033472330788,,log2,2,10,300,"{'max_depth': None, 'max_features': 'log2', 'min_samples_leaf': 2, 'min_samples_split': 10, 'n_estimators': 300}",0.9733434606481483,0.9715025906735751,0.9694845665883746,0.9711883098979873,0.9703918825591896,0.9711821620734551,0.0012868796333865506,65,0.979066890798947,0.9794443321429375,0.9804443096519826,0.9798649702117137,0.980478168925374,0.979859734346191,0.0005523362946670459
0.5819468975067139,0.010877211765775654,0.08928165435791016,0.010641696024966977,,log2,4,2,100,"{'max_depth': None, 'max_features': 'log2', 'min_samples_leaf': 4, 'min_samples_split': 2, 'n_estimators': 100}",0.9703886015344088,0.9690625,0.9682497026519958,0.970977331846897,0.9681433071696738,0.9693642886405952,0.0011380069728904982,137,0.976130198915009,0.9752837541263656,0.9759134503917003,0.9764148414970144,0.9766792939300899,0.9760843077720359,0.0004765386558588025
1.1177205562591552,0.0260729659710506,0.15012407302856445,0.009480060986897808,,log2,4,2,200,"{'max_depth': None, 'max_features': 'log2', 'min_samples_leaf': 4, 'min_samples_split': 2, 'n_estimators': 200}",0.9695189005101176,0.9696262025409416,0.969029184038118,0.9708410764518057,0.9681735985533454,0.9694377924188657,0.0008690719086598106,129,0.9761454107739725,0.974970703125,0.9762604844029781,0.9767782144546127,0.977024916572915,0.9762359458658956,0.0007107978524031384
1.7042678833007812,0.059455963945563337,0.20666308403015138,0.0077356685323191916,,log2,4,2,300,"{'max_depth': None, 'max_features': 'log2', 'min_samples_leaf': 4, 'min_samples_split': 2, 'n_estimators': 300}",0.970674964878044,0.9699218749999999,0.969029184038118,0.9709766606318331,0.9681735985533454,0.9697552566202681,0.0010386795808683788,121,0.9762644559752949,0.974903919120707,0.9764588501700472,0.9761753691291176,0.9774174463381011,0.9762440081466537,0.0008030046463191323
0.6012541770935058,0.022418569748789235,0.08856287002563476,0.012135602450968576,,log2,4,5,100,"{'max_depth': None, 'max_features': 'log2', 'min_samples_leaf': 4, 'min_samples_split': 5, 'n_estimators': 100}",0.9703886015344088,0.9690625,0.9682497026519958,0.970977331846897,0.9681433071696738,0.9693642886405952,0.0011380069728904982,137,0.976130198915009,0.9752837541263656,0.9759134503917003,0.9764148414970144,0.9766792939300899,0.9760843077720359,0.0004765386558588025
1.1185919284820556,0.05915932461213329,0.15269293785095214,0.007230712930541717,,log2,4,5,200,"{'max_depth': None, 'max_features': 'log2', 'min_samples_leaf': 4, 'min_samples_split': 5, 'n_estimators': 200}",0.9695189005101176,0.9696262025409416,0.969029184038118,0.9708410764518057,0.9681735985533454,0.9694377924188657,0.0008690719086598106,129,0.9761454107739725,0.974970703125,0.9762604844029781,0.9767782144546127,0.977024916572915,0.9762359458658956,0.0007107978524031384
1.680011796951294,0.04128197480503891,0.2173861026763916,0.012339464381065545,,log2,4,5,300,"{'max_depth': None, 'max_features': 'log2', 'min_samples_leaf': 4, 'min_samples_split': 5, 'n_estimators': 300}",0.970674964878044,0.9699218749999999,0.969029184038118,0.9709766606318331,0.9681735985533454,0.9697552566202681,0.0010386795808683788,121,0.9762644559752949,0.974903919120707,0.9764588501700472,0.9761753691291176,0.9774174463381011,0.9762440081466537,0.0008030046463191323
0.5857605457305908,0.021498775728072572,0.09979515075683594,0.014500405453187929,,log2,4,10,100,"{'max_depth': None, 'max_features': 'log2', 'min_samples_leaf': 4, 'min_samples_split': 10, 'n_estimators': 100}",0.970674964878044,0.9699452095938922,0.969029184038118,0.9716400239533002,0.9678839777687666,0.9698346720464242,0.0012985857843318676,113,0.9761733321509857,0.9756327945569359,0.9764497920694111,0.9762230974195479,0.9772036801493161,0.9763365392692392,0.0005098081481208948
1.175013780593872,0.06278862947176561,0.14307150840759278,0.004920702987185638,,log2,4,10,200,"{'max_depth': None, 'max_features': 'log2', 'min_samples_leaf': 4, 'min_samples_split': 10, 'n_estimators': 200}",0.9702357943563973,0.9703715186776667,0.9694921874999999,0.970971466270823,0.9677548301132578,0.969765159383629,0.0011099804143959785,117,0.9754961442674107,0.9754333990736986,0.976637241005057,0.9765053610553256,0.9771656914514057,0.9762475673705795,0.0006765739647247165
1.6554853439331054,0.05264202570904301,0.22446074485778808,0.01046580059075634,,log2,4,10,300,"{'max_depth': None, 'max_features': 'log2', 'min_samples_leaf': 4, 'min_samples_split': 10, 'n_estimators': 300}",0.971096907829439,0.9696262025409416,0.9694921874999999,0.9711077947422799,0.9689001979078316,0.9700446581040983,0.0008975084360040735,111,0.9757250655893729,0.975078125,0.9767025901303349,0.976609090145589,0.9777809997905692,0.9763791741311731,0.0009212123846021932
0.5255107402801513,0.026219745221856692,0.0812387466430664,0.007652504524995911,10,sqrt,1,2,100,"{'max_depth': 10, 'max_features': 'sqrt', 'min_samples_leaf': 1, 'min_samples_split': 2, 'n_estimators': 100}",0.9504504504504504,0.9503945885005637,0.9503945885005637,0.9503945885005637,0.9503945885005637,0.9504057608905411,2.234477995468609e-05,163,0.9503945885005637,0.9504085657931812,0.9504085657931812,0.9504085657931812,0.9504085657931812,0.9504057703346577,5.590917047015864e-06
0.9904679298400879,0.045352955927093534,0.12617650032043456,0.008128722966069086,10,sqrt,1,2,200,"{'max_depth': 10, 'max_features': 'sqrt', 'min_samples_leaf': 1, 'min_samples_split': 2, 'n_estimators': 200}",0.9504504504504504,0.9503945885005637,0.9503945885005637,0.9503945885005637,0.9503945885005637,0.9504057608905411,2.234477995468609e-05,163,0.9503945885005637,0.9504085657931812,0.9504085657931812,0.9504085657931812,0.9504085657931812,0.9504057703346577,5.590917047015864e-06
1.4699169635772704,0.037557060613957416,0.19961471557617189,0.02735850884820964,10,sqrt,1,2,300,"{'max_depth': 10, 'max_features': 'sqrt', 'min_samples_leaf': 1, 'min_samples_split': 2, 'n_estimators': 300}",0.9504504504504504,0.9503945885005637,0.9503945885005637,0.9503945885005637,0.9503945885005637,0.9504057608905411,2.234477995468609e-05,163,0.9503945885005637,0.9504085657931812,0.9504085657931812,0.9504085657931812,0.9504085657931812,0.9504057703346577,5.590917047015864e-06
0.5423060894012451,0.01713577209150604,0.07800040245056153,0.007078784113229905,10,sqrt,1,5,100,"{'max_depth': 10, 'max_features': 'sqrt', 'min_samples_leaf': 1, 'min_samples_split': 5, 'n_estimators': 100}",0.9504504504504504,0.9503945885005637,0.9503945885005637,0.9503945885005637,0.9503945885005637,0.9504057608905411,2.234477995468609e-05,163,0.9503945885005637,0.9504085657931812,0.9504085657931812,0.9504085657931812,0.9504085657931812,0.9504057703346577,5.590917047015864e-06
0.9681556224822998,0.022186660589614885,0.13392071723937987,0.00660747390439466,10,sqrt,1,5,200,"{'max_depth': 10, 'max_features': 'sqrt', 'min_samples_leaf': 1, 'min_samples_split': 5, 'n_estimators': 200}",0.9504504504504504,0.9503945885005637,0.9503945885005637,0.9503945885005637,0.9503945885005637,0.9504057608905411,2.234477995468609e-05,163,0.9503945885005637,0.9504085657931812,0.9504085657931812,0.9504085657931812,0.9504085657931812,0.9504057703346577,5.590917047015864e-06
1.4919894695281983,0.018495635629663068,0.1953808307647705,0.016723562576762517,10,sqrt,1,5,300,"{'max_depth': 10, 'max_features': 'sqrt', 'min_samples_leaf': 1, 'min_samples_split': 5, 'n_estimators': 300}",0.9504504504504504,0.9503945885005637,0.9503945885005637,0.9503945885005637,0.9503945885005637,0.9504057608905411,2.234477995468609e-05,163,0.9503945885005637,0.9504085657931812,0.9504085657931812,0.9504085657931812,0.9504085657931812,0.9504057703346577,5.590917047015864e-06
0.49695611000061035,0.011878000404491457,0.07873191833496093,0.006491304512201427,10,sqrt,1,10,100,"{'max_depth': 10, 'max_features': 'sqrt', 'min_samples_leaf': 1, 'min_samples_split': 10, 'n_estimators': 100}",0.9504504504504504,0.9503945885005637,0.9503945885005637,0.9503945885005637,0.9503945885005637,0.9504057608905411,2.234477995468609e-05,163,0.9503945885005637,0.9504085657931812,0.9504085657931812,0.9504085657931812,0.9504085657931812,0.9504057703346577,5.590917047015864e-06
0.9843614101409912,0.019686162456954853,0.12994990348815919,0.015563667182612095,10,sqrt,1,10,200,"{'max_depth': 10, 'max_features': 'sqrt', 'min_samples_leaf': 1, 'min_samples_split': 10, 'n_estimators': 200}",0.9504504504504504,0.9503945885005637,0.9503945885005637,0.9503945885005637,0.9503945885005637,0.9504057608905411,2.234477995468609e-05,163,0.9503945885005637,0.9504085657931812,0.9504085657931812,0.9504085657931812,0.9504085657931812,0.9504057703346577,5.590917047015864e-06
1.4827457904815673,0.04194726930152963,0.21573410034179688,0.02288829021458826,10,sqrt,1,10,300,"{'max_depth': 10, 'max_features': 'sqrt', 'min_samples_leaf': 1, 'min_samples_split': 10, 'n_estimators': 300}",0.9504504504504504,0.9503945885005637,0.9503945885005637,0.9503945885005637,0.9503945885005637,0.9504057608905411,2.234477995468609e-05,163,0.9503945885005637,0.9504085657931812,0.9504085657931812,0.9504085657931812,0.9504085657931812,0.9504057703346577,5.590917047015864e-06
0.5329593181610107,0.05774238217670833,0.08910622596740722,0.010220778355322662,10,sqrt,2,2,100,"{'max_depth': 10, 'max_features': 'sqrt', 'min_samples_leaf': 2, 'min_samples_split': 2, 'n_estimators': 100}",0.9504504504504504,0.9503945885005637,0.9503945885005637,0.9503945885005637,0.9503945885005637,0.9504057608905411,2.234477995468609e-05,163,0.9503945885005637,0.9504085657931812,0.9504085657931812,0.9504085657931812,0.9504085657931812,0.9504057703346577,5.590917047015864e-06
0.992892837524414,0.02133108341046947,0.12934722900390624,0.013659040593317686,10,sqrt,2,2,200,"{'max_depth': 10, 'max_features': 'sqrt', 'min_samples_leaf': 2, 'min_samples_split': 2, 'n_estimators': 200}",0.9504504504504504,0.9503945885005637,0.9503945885005637,0.9503945885005637,0.9503945885005637,0.9504057608905411,2.234477995468609e-05,163,0.9503945885005637,0.9504085657931812,0.9504085657931812,0.9504085657931812,0.9504085657931812,0.9504057703346577,5.590917047015864e-06
1.4615505695343018,0.020628799014201112,0.18436927795410157,0.020946591534597204,10,sqrt,2,2,300,"{'max_depth': 10, 'max_features': 'sqrt', 'min_samples_leaf': 2, 'min_samples_split': 2, 'n_estimators': 300}",0.9504504504504504,0.9503945885005637,0.9503945885005637,0.9503945885005637,0.9503945885005637,0.9504057608905411,2.234477995468609e-05,163,0.9503945885005637,0.9504085657931812,0.9504085657931812,0.9504085657931812,0.9504085657931812,0.9504057703346577,5.590917047015864e-06
0.5008150100708008,0.015999609038391174,0.08246374130249023,0.009840969882715954,10,sqrt,2,5,100,"{'max_depth': 10, 'max_features': 'sqrt', 'min_samples_leaf': 2, 'min_samples_split': 5, 'n_estimators': 100}",0.9504504504504504,0.9503945885005637,0.9503945885005637,0.9503945885005637,0.9503945885005637,0.9504057608905411,2.234477995468609e-05,163,0.9503945885005637,0.9504085657931812,0.9504085657931812,0.9504085657931812,0.9504085657931812,0.9504057703346577,5.590917047015864e-06
0.9797216892242432,0.018093977766712264,0.144775390625,0.020893344218520668,10,sqrt,2,5,200,"{'max_depth': 10, 'max_features': 'sqrt', 'min_samples_leaf': 2, 'min_samples_split': 5, 'n_estimators': 200}",0.9504504504504504,0.9503945885005637,0.9503945885005637,0.9503945885005637,0.9503945885005637,0.9504057608905411,2.234477995468609e-05,163,0.9503945885005637,0.9504085657931812,0.9504085657931812,0.9504085657931812,0.9504085657931812,0.9504057703346577,5.590917047015864e-06
1.5188562393188476,0.06164408017978254,0.19304466247558594,0.01318187443883778,10,sqrt,2,5,300,"{'max_depth': 10, 'max_features': 'sqrt', 'min_samples_leaf': 2, 'min_samples_split': 5, 'n_estimators': 300}",0.9504504504504504,0.9503945885005637,0.9503945885005637,0.9503945885005637,0.9503945885005637,0.9504057608905411,2.234477995468609e-05,163,0.9503945885005637,0.9504085657931812,0.9504085657931812,0.9504085657931812,0.9504085657931812,0.9504057703346577,5.590917047015864e-06
0.5041502952575684,0.013373799436142204,0.08631515502929688,0.015183462906278561,10,sqrt,2,10,100,"{'max_depth': 10, 'max_features': 'sqrt', 'min_samples_leaf': 2, 'min_samples_split': 10, 'n_estimators': 100}",0.9504504504504504,0.9503945885005637,0.9503945885005637,0.9503945885005637,0.9503945885005637,0.9504057608905411,2.234477995468609e-05,163,0.9503945885005637,0.9504085657931812,0.9504085657931812,0.9504085657931812,0.9504085657931812,0.9504057703346577,5.590917047015864e-06
0.9793848037719727,0.016768995865058735,0.1492680549621582,0.013344941439801312,10,sqrt,2,10,200,"{'max_depth': 10, 'max_features': 'sqrt', 'min_samples_leaf': 2, 'min_samples_split': 10, 'n_estimators': 200}",0.9504504504504504,0.9503945885005637,0.9503945885005637,0.9503945885005637,0.9503945885005637,0.9504057608905411,2.234477995468609e-05,163,0.9503945885005637,0.9504085657931812,0.9504085657931812,0.9504085657931812,0.9504085657931812,0.9504057703346577,5.590917047015864e-06
1.4520880699157714,0.018775659025714087,0.19561476707458497,0.016644815503294587,10,sqrt,2,10,300,"{'max_depth': 10, 'max_features': 'sqrt', 'min_samples_leaf': 2, 'min_samples_split': 10, 'n_estimators': 300}",0.9504504504504504,0.9503945885005637,0.9503945885005637,0.9503945885005637,0.9503945885005637,0.9504057608905411,2.234477995468609e-05,163,0.9503945885005637,0.9504085657931812,0.9504085657931812,0.9504085657931812,0.9504085657931812,0.9504057703346577,5.590917047015864e-06
0.5052488803863525,0.010147369917699888,0.09117712974548339,0.010229282900283835,10,sqrt,4,2,100,"{'max_depth': 10, 'max_features': 'sqrt', 'min_samples_leaf': 4, 'min_samples_split': 2, 'n_estimators': 100}",0.9504504504504504,0.9503945885005637,0.9503945885005637,0.9503945885005637,0.9503945885005637,0.9504057608905411,2.234477995468609e-05,163,0.9503945885005637,0.9504085657931812,0.9504085657931812,0.9504085657931812,0.9504085657931812,0.9504057703346577,5.590917047015864e-06
0.9815091609954834,0.01636326407978051,0.139031982421875,0.014282529491934445,10,sqrt,4,2,200,"{'max_depth': 10, 'max_features': 'sqrt', 'min_samples_leaf': 4, 'min_samples_split': 2, 'n_estimators': 200}",0.9504504504504504,0.9503945885005637,0.9503945885005637,0.9503945885005637,0.9503945885005637,0.9504057608905411,2.234477995468609e-05,163,0.9503945885005637,0.9504085657931812,0.9504085657931812,0.9504085657931812,0.9504085657931812,0.9504057703346577,5.590917047015864e-06
1.4911976337432862,0.02019448399417374,0.1975196361541748,0.016326111851020928,10,sqrt,4,2,300,"{'max_depth': 10, 'max_features': 'sqrt', 'min_samples_leaf': 4, 'min_samples_split': 2, 'n_estimators': 300}",0.9504504504504504,0.9503945885005637,0.9503945885005637,0.9503945885005637,0.9503945885005637,0.9504057608905411,2.234477995468609e-05,163,0.9503945885005637,0.9504085657931812,0.9504085657931812,0.9504085657931812,0.9504085657931812,0.9504057703346577,5.590917047015864e-06
0.5318122863769531,0.01765427296587615,0.07562551498413086,0.005607790055107814,10,sqrt,4,5,100,"{'max_depth': 10, 'max_features': 'sqrt', 'min_samples_leaf': 4, 'min_samples_split': 5, 'n_estimators': 100}",0.9504504504504504,0.9503945885005637,0.9503945885005637,0.9503945885005637,0.9503945885005637,0.9504057608905411,2.234477995468609e-05,163,0.9503945885005637,0.9504085657931812,0.9504085657931812,0.9504085657931812,0.9504085657931812,0.9504057703346577,5.590917047015864e-06
1.008833074569702,0.01637625731214214,0.1461723804473877,0.0040570874070633275,10,sqrt,4,5,200,"{'max_depth': 10, 'max_features': 'sqrt', 'min_samples_leaf': 4, 'min_samples_split': 5, 'n_estimators': 200}",0.9504504504504504,0.9503945885005637,0.9503945885005637,0.9503945885005637,0.9503945885005637,0.9504057608905411,2.234477995468609e-05,163,0.9503945885005637,0.9504085657931812,0.9504085657931812,0.9504085657931812,0.9504085657931812,0.9504057703346577,5.590917047015864e-06
1.4598605632781982,0.025888969705264626,0.22084107398986816,0.012050591052633055,10,sqrt,4,5,300,"{'max_depth': 10, 'max_features': 'sqrt', 'min_samples_leaf': 4, 'min_samples_split': 5, 'n_estimators': 300}",0.9504504504504504,0.9503945885005637,0.9503945885005637,0.9503945885005637,0.9503945885005637,0.9504057608905411,2.234477995468609e-05,163,0.9503945885005637,0.9504085657931812,0.9504085657931812,0.9504085657931812,0.9504085657931812,0.9504057703346577,5.590917047015864e-06
0.5179524898529053,0.021018440372120136,0.07468481063842773,0.005391739720433525,10,sqrt,4,10,100,"{'max_depth': 10, 'max_features': 'sqrt', 'min_samples_leaf': 4, 'min_samples_split': 10, 'n_estimators': 100}",0.9504504504504504,0.9503945885005637,0.9503945885005637,0.9503945885005637,0.9503945885005637,0.9504057608905411,2.234477995468609e-05,163,0.9503945885005637,0.9504085657931812,0.9504085657931812,0.9504085657931812,0.9504085657931812,0.9504057703346577,5.590917047015864e-06
0.9996746063232422,0.03198959187988732,0.13678617477416993,0.009869802143439053,10,sqrt,4,10,200,"{'max_depth': 10, 'max_features': 'sqrt', 'min_samples_leaf': 4, 'min_samples_split': 10, 'n_estimators': 200}",0.9504504504504504,0.9503945885005637,0.9503945885005637,0.9503945885005637,0.9503945885005637,0.9504057608905411,2.234477995468609e-05,163,0.9503945885005637,0.9504085657931812,0.9504085657931812,0.9504085657931812,0.9504085657931812,0.9504057703346577,5.590917047015864e-06
1.520143747329712,0.032657879488681096,0.17184343338012695,0.006737214862345683,10,sqrt,4,10,300,"{'max_depth': 10, 'max_features': 'sqrt', 'min_samples_leaf': 4, 'min_samples_split': 10, 'n_estimators': 300}",0.9504504504504504,0.9503945885005637,0.9503945885005637,0.9503945885005637,0.9503945885005637,0.9504057608905411,2.234477995468609e-05,163,0.9503945885005637,0.9504085657931812,0.9504085657931812,0.9504085657931812,0.9504085657931812,0.9504057703346577,5.590917047015864e-06
0.5118204116821289,0.006160380617093695,0.09469656944274903,0.012360390969448591,10,log2,1,2,100,"{'max_depth': 10, 'max_features': 'log2', 'min_samples_leaf': 1, 'min_samples_split': 2, 'n_estimators': 100}",0.9504504504504504,0.9503945885005637,0.9503945885005637,0.9503945885005637,0.9503945885005637,0.9504057608905411,2.234477995468609e-05,163,0.9503945885005637,0.9504085657931812,0.9504085657931812,0.9504085657931812,0.9504085657931812,0.9504057703346577,5.590917047015864e-06
0.9880581855773926,0.015008357670103535,0.14023947715759277,0.015467451714756645,10,log2,1,2,200,"{'max_depth': 10, 'max_features': 'log2', 'min_samples_leaf': 1, 'min_samples_split': 2, 'n_estimators': 200}",0.9504504504504504,0.9503945885005637,0.9503945885005637,0.9503945885005637,0.9503945885005637,0.9504057608905411,2.234477995468609e-05,163,0.9503945885005637,0.9504085657931812,0.9504085657931812,0.9504085657931812,0.9504085657931812,0.9504057703346577,5.590917047015864e-06
1.4689932823181153,0.01892489007154599,0.21756439208984374,0.03686953635055332,10,log2,1,2,300,"{'max_depth': 10, 'max_features': 'log2', 'min_samples_leaf': 1, 'min_samples_split': 2, 'n_estimators': 300}",0.9504504504504504,0.9503945885005637,0.9503945885005637,0.9503945885005637,0.9503945885005637,0.9504057608905411,2.234477995468609e-05,163,0.9503945885005637,0.9504085657931812,0.9504085657931812,0.9504085657931812,0.9504085657931812,0.9504057703346577,5.590917047015864e-06
0.4920620918273926,0.047161746618514314,0.08378386497497559,0.011381961691186984,10,log2,1,5,100,"{'max_depth': 10, 'max_features': 'log2', 'min_samples_leaf': 1, 'min_samples_split': 5, 'n_estimators': 100}",0.9504504504504504,0.9503945885005637,0.9503945885005637,0.9503945885005637,0.9503945885005637,0.9504057608905411,2.234477995468609e-05,163,0.9503945885005637,0.9504085657931812,0.9504085657931812,0.9504085657931812,0.9504085657931812,0.9504057703346577,5.590917047015864e-06
1.0168322563171386,0.036940455865096596,0.14226016998291016,0.010416341969984578,10,log2,1,5,200,"{'max_depth': 10, 'max_features': 'log2', 'min_samples_leaf': 1, 'min_samples_split': 5, 'n_estimators': 200}",0.9504504504504504,0.9503945885005637,0.9503945885005637,0.9503945885005637,0.9503945885005637,0.9504057608905411,2.234477995468609e-05,163,0.9503945885005637,0.9504085657931812,0.9504085657931812,0.9504085657931812,0.9504085657931812,0.9504057703346577,5.590917047015864e-06
1.4957737445831298,0.03281687216598902,0.20385522842407228,0.0077943856100910446,10,log2,1,5,300,"{'max_depth': 10, 'max_features': 'log2', 'min_samples_leaf': 1, 'min_samples_split': 5, 'n_estimators': 300}",0.9504504504504504,0.9503945885005637,0.9503945885005637,0.9503945885005637,0.9503945885005637,0.9504057608905411,2.234477995468609e-05,163,0.9503945885005637,0.9504085657931812,0.9504085657931812,0.9504085657931812,0.9504085657931812,0.9504057703346577,5.590917047015864e-06
0.5320236682891846,0.03654719652809895,0.08285846710205078,0.008102855973275104,10,log2,1,10,100,"{'max_depth': 10, 'max_features': 'log2', 'min_samples_leaf': 1, 'min_samples_split': 10, 'n_estimators': 100}",0.9504504504504504,0.9503945885005637,0.9503945885005637,0.9503945885005637,0.9503945885005637,0.9504057608905411,2.234477995468609e-05,163,0.9503945885005637,0.9504085657931812,0.9504085657931812,0.9504085657931812,0.9504085657931812,0.9504057703346577,5.590917047015864e-06
0.9895189762115478,0.018920785594875762,0.14065470695495605,0.004841942572470675,10,log2,1,10,200,"{'max_depth': 10, 'max_features': 'log2', 'min_samples_leaf': 1, 'min_samples_split': 10, 'n_estimators': 200}",0.9504504504504504,0.9503945885005637,0.9503945885005637,0.9503945885005637,0.9503945885005637,0.9504057608905411,2.234477995468609e-05,163,0.9503945885005637,0.9504085657931812,0.9504085657931812,0.9504085657931812,0.9504085657931812,0.9504057703346577,5.590917047015864e-06
1.4942873477935792,0.014638192577970173,0.19882640838623047,0.011962079872292412,10,log2,1,10,300,"{'max_depth': 10, 'max_features': 'log2', 'min_samples_leaf': 1, 'min_samples_split': 10, 'n_estimators': 300}",0.9504504504504504,0.9503945885005637,0.9503945885005637,0.9503945885005637,0.9503945885005637,0.9504057608905411,2.234477995468609e-05,163,0.9503945885005637,0.9504085657931812,0.9504085657931812,0.9504085657931812,0.9504085657931812,0.9504057703346577,5.590917047015864e-06
0.5100503921508789,0.010648277818515912,0.08405637741088867,0.014847981954084353,10,log2,2,2,100,"{'max_depth': 10, 'max_features': 'log2', 'min_samples_leaf': 2, 'min_samples_split': 2, 'n_estimators': 100}",0.9504504504504504,0.9503945885005637,0.9503945885005637,0.9503945885005637,0.9503945885005637,0.9504057608905411,2.234477995468609e-05,163,0.9503945885005637,0.9504085657931812,0.9504085657931812,0.9504085657931812,0.9504085657931812,0.9504057703346577,5.590917047015864e-06
1.0270120620727539,0.04026631491587832,0.13467001914978027,0.010385592809964804,10,log2,2,2,200,"{'max_depth': 10, 'max_features': 'log2', 'min_samples_leaf': 2, 'min_samples_split': 2, 'n_estimators': 200}",0.9504504504504504,0.9503945885005637,0.9503945885005637,0.9503945885005637,0.9503945885005637,0.9504057608905411,2.234477995468609e-05,163,0.9503945885005637,0.9504085657931812,0.9504085657931812,0.9504085657931812,0.9504085657931812,0.9504057703346577,5.590917047015864e-06
1.4697156429290772,0.021442473409376314,0.18718404769897462,0.02031922040325533,10,log2,2,2,300,"{'max_depth': 10, 'max_features': 'log2', 'min_samples_leaf': 2, 'min_samples_split': 2, 'n_estimators': 300}",0.9504504504504504,0.9503945885005637,0.9503945885005637,0.9503945885005637,0.9503945885005637,0.9504057608905411,2.234477995468609e-05,163,0.9503945885005637,0.9504085657931812,0.9504085657931812,0.9504085657931812,0.9504085657931812,0.9504057703346577,5.590917047015864e-06
0.5320908546447753,0.028797687465046136,0.08344993591308594,0.004070105057243389,10,log2,2,5,100,"{'max_depth': 10, 'max_features': 'log2', 'min_samples_leaf': 2, 'min_samples_split': 5, 'n_estimators': 100}",0.9504504504504504,0.9503945885005637,0.9503945885005637,0.9503945885005637,0.9503945885005637,0.9504057608905411,2.234477995468609e-05,163,0.9503945885005637,0.9504085657931812,0.9504085657931812,0.9504085657931812,0.9504085657931812,0.9504057703346577,5.590917047015864e-06
1.0174369812011719,0.00910387456724811,0.13451814651489258,0.018019138076668082,10,log2,2,5,200,"{'max_depth': 10, 'max_features': 'log2', 'min_samples_leaf': 2, 'min_samples_split': 5, 'n_estimators': 200}",0.9504504504504504,0.9503945885005637,0.9503945885005637,0.9503945885005637,0.9503945885005637,0.9504057608905411,2.234477995468609e-05,163,0.9503945885005637,0.9504085657931812,0.9504085657931812,0.9504085657931812,0.9504085657931812,0.9504057703346577,5.590917047015864e-06
1.4814621925354003,0.05847223948831535,0.19247403144836425,0.014591399099423415,10,log2,2,5,300,"{'max_depth': 10, 'max_features': 'log2', 'min_samples_leaf': 2, 'min_samples_split': 5, 'n_estimators': 300}",0.9504504504504504,0.9503945885005637,0.9503945885005637,0.9503945885005637,0.9503945885005637,0.9504057608905411,2.234477995468609e-05,163,0.9503945885005637,0.9504085657931812,0.9504085657931812,0.9504085657931812,0.9504085657931812,0.9504057703346577,5.590917047015864e-06
0.5367149353027344,0.030201298203779897,0.08282122611999512,0.01044114475767561,10,log2,2,10,100,"{'max_depth': 10, 'max_features': 'log2', 'min_samples_leaf': 2, 'min_samples_split': 10, 'n_estimators': 100}",0.9504504504504504,0.9503945885005637,0.9503945885005637,0.9503945885005637,0.9503945885005637,0.9504057608905411,2.234477995468609e-05,163,0.9503945885005637,0.9504085657931812,0.9504085657931812,0.9504085657931812,0.9504085657931812,0.9504057703346577,5.590917047015864e-06
0.9904594898223877,0.018516122521047666,0.139332914352417,0.015862526097240127,10,log2,2,10,200,"{'max_depth': 10, 'max_features': 'log2', 'min_samples_leaf': 2, 'min_samples_split': 10, 'n_estimators': 200}",0.9504504504504504,0.9503945885005637,0.9503945885005637,0.9503945885005637,0.9503945885005637,0.9504057608905411,2.234477995468609e-05,163,0.9503945885005637,0.9504085657931812,0.9504085657931812,0.9504085657931812,0.9504085657931812,0.9504057703346577,5.590917047015864e-06
1.4921030044555663,0.0266823444784323,0.20354204177856444,0.008786932743659808,10,log2,2,10,300,"{'max_depth': 10, 'max_features': 'log2', 'min_samples_leaf': 2, 'min_samples_split': 10, 'n_estimators': 300}",0.9504504504504504,0.9503945885005637,0.9503945885005637,0.9503945885005637,0.9503945885005637,0.9504057608905411,2.234477995468609e-05,163,0.9503945885005637,0.9504085657931812,0.9504085657931812,0.9504085657931812,0.9504085657931812,0.9504057703346577,5.590917047015864e-06
0.5263651371002197,0.009339101585334983,0.08888163566589355,0.00969670016382501,10,log2,4,2,100,"{'max_depth': 10, 'max_features': 'log2', 'min_samples_leaf': 4, 'min_samples_split': 2, 'n_estimators': 100}",0.9504504504504504,0.9503945885005637,0.9503945885005637,0.9503945885005637,0.9503945885005637,0.9504057608905411,2.234477995468609e-05,163,0.9503945885005637,0.9504085657931812,0.9504085657931812,0.9504085657931812,0.9504085657931812,0.9504057703346577,5.590917047015864e-06
1.0200851440429688,0.03260460574116576,0.1380558967590332,0.00993621401048186,10,log2,4,2,200,"{'max_depth': 10, 'max_features': 'log2', 'min_samples_leaf': 4, 'min_samples_split': 2, 'n_estimators': 200}",0.9504504504504504,0.9503945885005637,0.9503945885005637,0.9503945885005637,0.9503945885005637,0.9504057608905411,2.234477995468609e-05,163,0.9503945885005637,0.9504085657931812,0.9504085657931812,0.9504085657931812,0.9504085657931812,0.9504057703346577,5.590917047015864e-06
1.4994507312774659,0.050882359409442766,0.19587268829345703,0.013279769474274753,10,log2,4,2,300,"{'max_depth': 10, 'max_features': 'log2', 'min_samples_leaf': 4, 'min_samples_split': 2, 'n_estimators': 300}",0.9504504504504504,0.9503945885005637,0.9503945885005637,0.9503945885005637,0.9503945885005637,0.9504057608905411,2.234477995468609e-05,163,0.9503945885005637,0.9504085657931812,0.9504085657931812,0.9504085657931812,0.9504085657931812,0.9504057703346577,5.590917047015864e-06
0.5275284767150878,0.02731181491146727,0.076942777633667,0.007086567841310241,10,log2,4,5,100,"{'max_depth': 10, 'max_features': 'log2', 'min_samples_leaf': 4, 'min_samples_split': 5, 'n_estimators': 100}",0.9504504504504504,0.9503945885005637,0.9503945885005637,0.9503945885005637,0.9503945885005637,0.9504057608905411,2.234477995468609e-05,163,0.9503945885005637,0.9504085657931812,0.9504085657931812,0.9504085657931812,0.9504085657931812,0.9504057703346577,5.590917047015864e-06
0.9771593093872071,0.026921528654243618,0.1322969913482666,0.007259267609225907,10,log2,4,5,200,"{'max_depth': 10, 'max_features': 'log2', 'min_samples_leaf': 4, 'min_samples_split': 5, 'n_estimators': 200}",0.9504504504504504,0.9503945885005637,0.9503945885005637,0.9503945885005637,0.9503945885005637,0.9504057608905411,2.234477995468609e-05,163,0.9503945885005637,0.9504085657931812,0.9504085657931812,0.9504085657931812,0.9504085657931812,0.9504057703346577,5.590917047015864e-06
1.4730243682861328,0.05925331119264499,0.18909602165222167,0.010907232633433371,10,log2,4,5,300,"{'max_depth': 10, 'max_features': 'log2', 'min_samples_leaf': 4, 'min_samples_split': 5, 'n_estimators': 300}",0.9504504504504504,0.9503945885005637,0.9503945885005637,0.9503945885005637,0.9503945885005637,0.9504057608905411,2.234477995468609e-05,163,0.9503945885005637,0.9504085657931812,0.9504085657931812,0.9504085657931812,0.9504085657931812,0.9504057703346577,5.590917047015864e-06
0.5121414184570312,0.012209785476117098,0.09270625114440918,0.005041381224994545,10,log2,4,10,100,"{'max_depth': 10, 'max_features': 'log2', 'min_samples_leaf': 4, 'min_samples_split': 10, 'n_estimators': 100}",0.9504504504504504,0.9503945885005637,0.9503945885005637,0.9503945885005637,0.9503945885005637,0.9504057608905411,2.234477995468609e-05,163,0.9503945885005637,0.9504085657931812,0.9504085657931812,0.9504085657931812,0.9504085657931812,0.9504057703346577,5.590917047015864e-06
0.99220871925354,0.02631253614324561,0.13663430213928224,0.010442046032211333,10,log2,4,10,200,"{'max_depth': 10, 'max_features': 'log2', 'min_samples_leaf': 4, 'min_samples_split': 10, 'n_estimators': 200}",0.9504504504504504,0.9503945885005637,0.9503945885005637,0.9503945885005637,0.9503945885005637,0.9504057608905411,2.234477995468609e-05,163,0.9503945885005637,0.9504085657931812,0.9504085657931812,0.9504085657931812,0.9504085657931812,0.9504057703346577,5.590917047015864e-06
1.5197072982788087,0.06121093431364198,0.20444612503051757,0.005913080487422391,10,log2,4,10,300,"{'max_depth': 10, 'max_features': 'log2', 'min_samples_leaf': 4, 'min_samples_split': 10, 'n_estimators': 300}",0.9504504504504504,0.9503945885005637,0.9503945885005637,0.9503945885005637,0.9503945885005637,0.9504057608905411,2.234477995468609e-05,163,0.9503945885005637,0.9504085657931812,0.9504085657931812,0.9504085657931812,0.9504085657931812,0.9504057703346577,5.590917047015864e-06
0.6263855934143067,0.01566079089254522,0.09994692802429199,0.00833181905945292,20,sqrt,1,2,100,"{'max_depth': 20, 'max_features': 'sqrt', 'min_samples_leaf': 1, 'min_samples_split': 2, 'n_estimators': 100}",0.9733228987052748,0.9718994960806272,0.9717341482047365,0.9719010731998606,0.9717400458522435,0.9721195324085485,0.0006060960132728794,25,0.9819811594198984,0.9817724679117665,0.981955852183327,0.9824400452626327,0.9822213532756571,0.9820741756106564,0.00023203527666277365
1.2594613075256347,0.017486528256823425,0.16708106994628907,0.008579372915467417,20,sqrt,1,2,200,"{'max_depth': 20, 'max_features': 'sqrt', 'min_samples_leaf': 1, 'min_samples_split': 2, 'n_estimators': 200}",0.9730437204121415,0.9718994960806272,0.9714885863018227,0.9714437861945018,0.9724045038408923,0.9720560185659972,0.0006030429608668157,27,0.9819980822495272,0.9818079818079818,0.9819398306274271,0.982260643247289,0.9823717948717948,0.9820756665608039,0.00020882251035719967
1.8473752975463866,0.02964547233845768,0.22040367126464844,0.007339022587244192,20,sqrt,1,2,300,"{'max_depth': 20, 'max_features': 'sqrt', 'min_samples_leaf': 1, 'min_samples_split': 2, 'n_estimators': 300}",0.9727410180094704,0.9718994960806272,0.9715385800092408,0.971672917731009,0.972212685697332,0.9720129395055359,0.0004297669132358723,29,0.9818736685765085,0.9818079818079818,0.9818422853232981,0.9821526510967593,0.9823056300268096,0.9819964433662716,0.00019715646389940235
0.6299298286437989,0.02816353242132701,0.11521406173706054,0.01756970351836509,20,sqrt,1,5,100,"{'max_depth': 20, 'max_features': 'sqrt', 'min_samples_leaf': 1, 'min_samples_split': 5, 'n_estimators': 100}",0.9730194004601141,0.9716754850088183,0.9713521772345302,0.971486267836761,0.9712296195652174,0.9717525900210882,0.0006504628928017377,47,0.9814599424297895,0.9813347664153279,0.9819102718969207,0.9819215344680691,0.9819299645257984,0.981711295947181,0.0002594458288649688
1.2549513816833495,0.06576379045141474,0.16651182174682616,0.02173066701040918,20,sqrt,1,5,200,"{'max_depth': 20, 'max_features': 'sqrt', 'min_samples_leaf': 1, 'min_samples_split': 5, 'n_estimators': 200}",0.9727410180094704,0.9716513484017725,0.9713521772345302,0.971854186961448,0.9711271326549743,0.9717451726524391,0.0005565633695575777,49,0.9815912335585075,0.9816302301005031,0.9819102718969207,0.9819215344680691,0.981951871657754,0.981801028336351,0.000156457966942329
1.8122559070587159,0.07154190285419407,0.23621635437011718,0.008768551113798291,20,sqrt,1,5,300,"{'max_depth': 20, 'max_features': 'sqrt', 'min_samples_leaf': 1, 'min_samples_split': 5, 'n_estimators': 300}",0.9730194004601141,0.9719258102131967,0.9715145576707727,0.9720844811753903,0.9715021049581565,0.972009270895526,0.000554065424245356,31,0.9814809766756696,0.9814448825392456,0.9817424221211528,0.9818998418739192,0.9817999377372004,0.9816736121894376,0.0001796098632606363
0.6147846221923828,0.02367199332824082,0.1120368480682373,0.016696376373842498,20,sqrt,1,10,100,"{'max_depth': 20, 'max_features': 'sqrt', 'min_samples_leaf': 1, 'min_samples_split': 10, 'n_estimators': 100}",0.9738981069929699,0.9728687844629874,0.9704295704295705,0.9708559782608696,0.9694571172862413,0.9715019114865276,0.0016345288639139839,53,0.979700385497487,0.9802688839504645,0.9809293500282182,0.9807545000862706,0.9809090656948379,0.9805124370514557,0.0004708441489651395
1.195880079269409,0.06473008373161852,0.16028118133544922,0.01474758114716615,20,sqrt,1,10,200,"{'max_depth': 20, 'max_features': 'sqrt', 'min_samples_leaf': 1, 'min_samples_split': 10, 'n_estimators': 200}",0.9745342246060184,0.9730085348506402,0.970294921228982,0.9709580787652107,0.9704942605814367,0.9718580040064577,0.0016491675026685884,35,0.979839209505764,0.980347259079536,0.9810625420309348,0.9806770073954363,0.9809289124551714,0.9805709860933686,0.00043966573384944145
1.8133884429931642,0.05406139300000081,0.24394044876098633,0.03456275725601718,20,sqrt,1,10,300,"{'max_depth': 20, 'max_features': 'sqrt', 'min_samples_leaf': 1, 'min_samples_split': 10, 'n_estimators': 300}",0.9743915343915344,0.9728962451122181,0.9702996211686373,0.9711271326549743,0.9699896591934172,0.9717408385041562,0.0016662247371346476,51,0.9800176366843033,0.9802488791592726,0.9808424637059566,0.9804632791824797,0.9808131715700439,0.9804770860604112,0.00031931709708714486
0.6152684211730957,0.033093939558265326,0.08661985397338867,0.006224106205992801,20,sqrt,2,2,100,"{'max_depth': 20, 'max_features': 'sqrt', 'min_samples_leaf': 2, 'min_samples_split': 2, 'n_estimators': 100}",0.9726425686284158,0.9716283716283716,0.9690501200480192,0.9720500626641715,0.9692318726242558,0.9709205991186469,0.0014894494248063298,77,0.9796756898041589,0.9795489031312491,0.9803660815664722,0.9800547953217854,0.9803095319483988,0.9799910003544128,0.0003289646752159745
1.1887030124664306,0.024678702949797765,0.1668992042541504,0.010982408562188056,20,sqrt,2,2,200,"{'max_depth': 20, 'max_features': 'sqrt', 'min_samples_leaf': 2, 'min_samples_split': 2, 'n_estimators': 200}",0.9722697398037274,0.9713655084533643,0.9693299463414405,0.9716723608082821,0.9697537807774029,0.9708782672368435,0.0011371852883566547,81,0.9794979264948388,0.9795591925563021,0.98022496109181,0.9801749634755388,0.9803485471188246,0.9799611181474628,0.0003581996145622211
1.7613557815551757,0.037556549387411535,0.21310758590698242,0.0188895573127414,20,sqrt,2,2,300,"{'max_depth': 20, 'max_features': 'sqrt', 'min_samples_leaf': 2, 'min_samples_split': 2, 'n_estimators': 300}",0.9722885506767013,0.9705696479890028,0.969032087405469,0.9715674110835401,0.9694935117798881,0.9705902417869202,0.0012223091923600166,105,0.9791825707742311,0.9791182626505108,0.9801451509795811,0.9800507978327461,0.9802882899657094,0.9797570144405556,0.0005014382739972678
0.602620792388916,0.020632957750630464,0.09274520874023437,0.01606210312081182,20,sqrt,2,5,100,"{'max_depth': 20, 'max_features': 'sqrt', 'min_samples_leaf': 2, 'min_samples_split': 5, 'n_estimators': 100}",0.9712488935643679,0.9713746403503949,0.9707042253521126,0.9720500626641715,0.9701361440491875,0.971102793196047,0.0006458842833718986,67,0.978876930316492,0.979352299118304,0.9803283959780247,0.9798955613577024,0.980474073011547,0.979785451956414,0.0005990232382464926
1.1854918479919434,0.04823696225771158,0.16555685997009278,0.02408494273260181,20,sqrt,2,5,200,"{'max_depth': 20, 'max_features': 'sqrt', 'min_samples_leaf': 2, 'min_samples_split': 5, 'n_estimators': 200}",0.9715118815291012,0.9708354856257343,0.9696081542740868,0.9714309057056489,0.9707641196013289,0.97083010934718,0.0006816637476025849,87,0.9793062904174015,0.9792985915452649,0.9803461753210497,0.9800972855725805,0.9803984564175209,0.9798893598547634,0.0004899122266024621
1.7811896800994873,0.06062639653135904,0.2120967388153076,0.008391178966553576,20,sqrt,2,5,300,"{'max_depth': 20, 'max_features': 'sqrt', 'min_samples_leaf': 2, 'min_samples_split': 5, 'n_estimators': 300}",0.9719039626359192,0.9705696479890028,0.9701533034866369,0.971158665895508,0.9704942605814367,0.9708559681177007,0.0006158681022006659,83,0.9791518360029476,0.9788040177407183,0.9804047623323218,0.9802379809004856,0.9805199506563116,0.979823709526557,0.0007050078318628606
0.6071337223052978,0.03294772272404804,0.09035553932189941,0.004187143859119672,20,sqrt,2,10,100,"{'max_depth': 20, 'max_features': 'sqrt', 'min_samples_leaf': 2, 'min_samples_split': 10, 'n_estimators': 100}",0.9722175101309961,0.9705588540194139,0.9694091360238589,0.9712656524616605,0.9696207042473106,0.970614371376648,0.001042810597748256,103,0.9768732479733314,0.977869179965685,0.9785408938572052,0.9785207023960041,0.9799458206495936,0.9783499689683639,0.0010024178537160128
1.140838050842285,0.03133214846933844,0.15597047805786132,0.016194404922671494,20,sqrt,2,10,200,"{'max_depth': 20, 'max_features': 'sqrt', 'min_samples_leaf': 2, 'min_samples_split': 10, 'n_estimators': 200}",0.9722036417688592,0.9705588540194139,0.9691434296209719,0.9714239008937762,0.9697537807774029,0.9706167214160848,0.0011034907167972857,101,0.9774114660145239,0.9776241516347776,0.978944193267086,0.978422257383814,0.9800372841003527,0.9784878704801109,0.0009505656156445952
1.7638590335845947,0.06361613135588673,0.22130398750305175,0.010457505545790145,20,sqrt,2,10,300,"{'max_depth': 20, 'max_features': 'sqrt', 'min_samples_leaf': 2, 'min_samples_split': 10, 'n_estimators': 300}",0.9720812182741118,0.9706947941219539,0.9694091360238589,0.9717178209866623,0.9696295728200015,0.9707065084453177,0.0010729103351233649,95,0.9768921131354116,0.977251855429555,0.9788127718733057,0.9782329988851727,0.979847459289917,0.9782074397226724,0.0010677050001504415
0.5581923484802246,0.01942855977112442,0.09495716094970703,0.010868175114838211,20,sqrt,4,2,100,"{'max_depth': 20, 'max_features': 'sqrt', 'min_samples_leaf': 4, 'min_samples_split': 2, 'n_estimators': 100}",0.9685121332379155,0.9686876377878303,0.9677058498980052,0.9704144253352527,0.9670882632938936,0.9684816619105794,0.0011244885951747028,159,0.9736507386602659,0.9742687189246584,0.974171832955664,0.9750609185991871,0.9753583029370371,0.9745021024153624,0.0006218875901407116
1.1130714893341065,0.021777591156107126,0.16362829208374025,0.02549239329489621,20,sqrt,4,2,200,"{'max_depth': 20, 'max_features': 'sqrt', 'min_samples_leaf': 4, 'min_samples_split': 2, 'n_estimators': 200}",0.9685121332379155,0.9688198658575535,0.9680206735039975,0.9716616573636753,0.9676443803781964,0.9689317420682677,0.0014232618470961728,149,0.9737231827813403,0.9741250401343479,0.974323542732217,0.9753062229140737,0.9760003973444148,0.9746956771812787,0.0008348552978029149
1.6705456733703614,0.03236316734840795,0.2249166488647461,0.01883864146468366,20,sqrt,4,2,300,"{'max_depth': 20, 'max_features': 'sqrt', 'min_samples_leaf': 4, 'min_samples_split': 2, 'n_estimators': 300}",0.9680717434929913,0.969125572923665,0.9683333752736606,0.9718000177770293,0.9672593737920371,0.9689180166518765,0.0015593646160156835,153,0.9738312406222853,0.9740523432018034,0.974487823734055,0.9750283465617288,0.9758759594410634,0.9746551427121872,0.0007348268017326905
0.5834197998046875,0.021631266861893973,0.0888214111328125,0.004972774726806031,20,sqrt,4,5,100,"{'max_depth': 20, 'max_features': 'sqrt', 'min_samples_leaf': 4, 'min_samples_split': 5, 'n_estimators': 100}",0.9685121332379155,0.9686876377878303,0.9677058498980052,0.9704144253352527,0.9670882632938936,0.9684816619105794,0.0011244885951747028,159,0.9736507386602659,0.9742687189246584,0.974171832955664,0.9750609185991871,0.9753583029370371,0.9745021024153624,0.0006218875901407116
1.1294166088104247,0.012751098916478498,0.15328731536865234,0.009251595605907766,20,sqrt,4,5,200,"{'max_depth': 20, 'max_features': 'sqrt', 'min_samples_leaf': 4, 'min_samples_split': 5, 'n_estimators': 200}",0.9685121332379155,0.9688198658575535,0.9680206735039975,0.9716616573636753,0.9676443803781964,0.9689317420682677,0.0014232618470961728,149,0.9737231827813403,0.9741250401343479,0.974323542732217,0.9753062229140737,0.9760003973444148,0.9746956771812787,0.0008348552978029149
1.7002947807312012,0.03816277305083522,0.2257357120513916,0.007573750850917722,20,sqrt,4,5,300,"{'max_depth': 20, 'max_features': 'sqrt', 'min_samples_leaf': 4, 'min_samples_split': 5, 'n_estimators': 300}",0.9680717434929913,0.969125572923665,0.9683333752736606,0.9718000177770293,0.9672593737920371,0.9689180166518765,0.0015593646160156835,153,0.9738312406222853,0.9740523432018034,0.974487823734055,0.9750283465617288,0.9758759594410634,0.9746551427121872,0.0007348268017326905
0.5550572395324707,0.033965546462587606,0.09537806510925292,0.012272932971656677,20,sqrt,4,10,100,"{'max_depth': 20, 'max_features': 'sqrt', 'min_samples_leaf': 4, 'min_samples_split': 10, 'n_estimators': 100}",0.9699688848740339,0.9685121332379155,0.968151286451136,0.9705588540194139,0.96658142173169,0.9687545160628378,0.0014053683817038622,157,0.9734327106340759,0.973978956052216,0.974487823734055,0.9753905241995979,0.9760475818017853,0.974667519284346,0.0009442955975474029
1.1099364757537842,0.04521648739620059,0.14876055717468262,0.012506377811977694,20,sqrt,4,10,200,"{'max_depth': 20, 'max_features': 'sqrt', 'min_samples_leaf': 4, 'min_samples_split': 10, 'n_estimators': 200}",0.9693531454413309,0.9689925558312655,0.9686439827361237,0.9708402561278399,0.9670882632938936,0.9689836406860908,0.0012075973769702835,147,0.9732497772213448,0.9741250401343479,0.9749312032452697,0.9757623481748722,0.975863400348968,0.9747863538249606,0.0009931746066700544
1.684179162979126,0.03740472484900591,0.21467070579528807,0.016843992410071874,20,sqrt,4,10,300,"{'max_depth': 20, 'max_features': 'sqrt', 'min_samples_leaf': 4, 'min_samples_split': 10, 'n_estimators': 300}",0.9695272508280638,0.9689925558312655,0.9686439827361237,0.9705588540194139,0.9673437500000001,0.9690132786829734,0.001056134976483133,145,0.9734692228808761,0.9741250401343479,0.9747935416557202,0.9752586877700701,0.9756686453678384,0.9746630275617705,0.0007871101921004361
0.6116878032684326,0.043844841933152225,0.0935302734375,0.0071265899343907575,20,log2,1,2,100,"{'max_depth': 20, 'max_features': 'log2', 'min_samples_leaf': 1, 'min_samples_split': 2, 'n_estimators': 100}",0.9733228987052748,0.9718994960806272,0.9717341482047365,0.9719010731998606,0.9717400458522435,0.9721195324085485,0.0006060960132728794,25,0.9819811594198984,0.9817724679117665,0.981955852183327,0.9824400452626327,0.9822213532756571,0.9820741756106564,0.00023203527666277365
1.2576630115509033,0.04053212384168143,0.18389644622802734,0.02159147860138663,20,log2,1,2,200,"{'max_depth': 20, 'max_features': 'log2', 'min_samples_leaf': 1, 'min_samples_split': 2, 'n_estimators': 200}",0.9730437204121415,0.9718994960806272,0.9714885863018227,0.9714437861945018,0.9724045038408923,0.9720560185659972,0.0006030429608668157,27,0.9819980822495272,0.9818079818079818,0.9819398306274271,0.982260643247289,0.9823717948717948,0.9820756665608039,0.00020882251035719967
1.8605751991271973,0.04803040854899767,0.24144606590270995,0.020327370843885938,20,log2,1,2,300,"{'max_depth': 20, 'max_features': 'log2', 'min_samples_leaf': 1, 'min_samples_split': 2, 'n_estimators': 300}",0.9727410180094704,0.9718994960806272,0.9715385800092408,0.971672917731009,0.972212685697332,0.9720129395055359,0.0004297669132358723,29,0.9818736685765085,0.9818079818079818,0.9818422853232981,0.9821526510967593,0.9823056300268096,0.9819964433662716,0.00019715646389940235
0.6100942611694335,0.044534691906295124,0.1006965160369873,0.011080236390574979,20,log2,1,5,100,"{'max_depth': 20, 'max_features': 'log2', 'min_samples_leaf': 1, 'min_samples_split': 5, 'n_estimators': 100}",0.9730194004601141,0.9716754850088183,0.9713521772345302,0.971486267836761,0.9712296195652174,0.9717525900210882,0.0006504628928017377,47,0.9814599424297895,0.9813347664153279,0.9819102718969207,0.9819215344680691,0.9819299645257984,0.981711295947181,0.0002594458288649688
1.2081312656402587,0.0763397051113994,0.1658334255218506,0.01447765944274524,20,log2,1,5,200,"{'max_depth': 20, 'max_features': 'log2', 'min_samples_leaf': 1, 'min_samples_split': 5, 'n_estimators': 200}",0.9727410180094704,0.9716513484017725,0.9713521772345302,0.971854186961448,0.9711271326549743,0.9717451726524391,0.0005565633695575777,49,0.9815912335585075,0.9816302301005031,0.9819102718969207,0.9819215344680691,0.981951871657754,0.981801028336351,0.000156457966942329
1.8296856880187988,0.0962370698240493,0.2581821918487549,0.019507104290717375,20,log2,1,5,300,"{'max_depth': 20, 'max_features': 'log2', 'min_samples_leaf': 1, 'min_samples_split': 5, 'n_estimators': 300}",0.9730194004601141,0.9719258102131967,0.9715145576707727,0.9720844811753903,0.9715021049581565,0.972009270895526,0.000554065424245356,31,0.9814809766756696,0.9814448825392456,0.9817424221211528,0.9818998418739192,0.9817999377372004,0.9816736121894376,0.0001796098632606363
0.5855984687805176,0.025102131497570703,0.09808936119079589,0.01019338956245229,20,log2,1,10,100,"{'max_depth': 20, 'max_features': 'log2', 'min_samples_leaf': 1, 'min_samples_split': 10, 'n_estimators': 100}",0.9738981069929699,0.9728687844629874,0.9704295704295705,0.9708559782608696,0.9694571172862413,0.9715019114865276,0.0016345288639139839,53,0.979700385497487,0.9802688839504645,0.9809293500282182,0.9807545000862706,0.9809090656948379,0.9805124370514557,0.0004708441489651395
1.1923672676086425,0.020094978769128507,0.16697850227355956,0.011522191335839423,20,log2,1,10,200,"{'max_depth': 20, 'max_features': 'log2', 'min_samples_leaf': 1, 'min_samples_split': 10, 'n_estimators': 200}",0.9745342246060184,0.9730085348506402,0.970294921228982,0.9709580787652107,0.9704942605814367,0.9718580040064577,0.0016491675026685884,35,0.979839209505764,0.980347259079536,0.9810625420309348,0.9806770073954363,0.9809289124551714,0.9805709860933686,0.00043966573384944145
1.7761559009552002,0.026880074683298054,0.2233863353729248,0.020345216530554974,20,log2,1,10,300,"{'max_depth': 20, 'max_features': 'log2', 'min_samples_leaf': 1, 'min_samples_split': 10, 'n_estimators': 300}",0.9743915343915344,0.9728962451122181,0.9702996211686373,0.9711271326549743,0.9699896591934172,0.9717408385041562,0.0016662247371346476,51,0.9800176366843033,0.9802488791592726,0.9808424637059566,0.9804632791824797,0.9808131715700439,0.9804770860604112,0.00031931709708714486
0.6171812534332275,0.022470058443872048,0.08908419609069824,0.005103465561909,20,log2,2,2,100,"{'max_depth': 20, 'max_features': 'log2', 'min_samples_leaf': 2, 'min_samples_split': 2, 'n_estimators': 100}",0.9726425686284158,0.9716283716283716,0.9690501200480192,0.9720500626641715,0.9692318726242558,0.9709205991186469,0.0014894494248063298,77,0.9796756898041589,0.9795489031312491,0.9803660815664722,0.9800547953217854,0.9803095319483988,0.9799910003544128,0.0003289646752159745
1.2190586090087892,0.041301232341801365,0.1544489860534668,0.006615997239506661,20,log2,2,2,200,"{'max_depth': 20, 'max_features': 'log2', 'min_samples_leaf': 2, 'min_samples_split': 2, 'n_estimators': 200}",0.9722697398037274,0.9713655084533643,0.9693299463414405,0.9716723608082821,0.9697537807774029,0.9708782672368435,0.0011371852883566547,81,0.9794979264948388,0.9795591925563021,0.98022496109181,0.9801749634755388,0.9803485471188246,0.9799611181474628,0.0003581996145622211
1.7347118377685546,0.04806927255523732,0.2252436637878418,0.011751704014278691,20,log2,2,2,300,"{'max_depth': 20, 'max_features': 'log2', 'min_samples_leaf': 2, 'min_samples_split': 2, 'n_estimators': 300}",0.9722885506767013,0.9705696479890028,0.969032087405469,0.9715674110835401,0.9694935117798881,0.9705902417869202,0.0012223091923600166,105,0.9791825707742311,0.9791182626505108,0.9801451509795811,0.9800507978327461,0.9802882899657094,0.9797570144405556,0.0005014382739972678
0.596334981918335,0.016923201197428617,0.08401751518249512,0.007665149838516596,20,log2,2,5,100,"{'max_depth': 20, 'max_features': 'log2', 'min_samples_leaf': 2, 'min_samples_split': 5, 'n_estimators': 100}",0.9712488935643679,0.9713746403503949,0.9707042253521126,0.9720500626641715,0.9701361440491875,0.971102793196047,0.0006458842833718986,67,0.978876930316492,0.979352299118304,0.9803283959780247,0.9798955613577024,0.980474073011547,0.979785451956414,0.0005990232382464926
1.1656230449676515,0.03745102224328001,0.16006112098693848,0.016593734423500293,20,log2,2,5,200,"{'max_depth': 20, 'max_features': 'log2', 'min_samples_leaf': 2, 'min_samples_split': 5, 'n_estimators': 200}",0.9715118815291012,0.9708354856257343,0.9696081542740868,0.9714309057056489,0.9707641196013289,0.97083010934718,0.0006816637476025849,87,0.9793062904174015,0.9792985915452649,0.9803461753210497,0.9800972855725805,0.9803984564175209,0.9798893598547634,0.0004899122266024621
1.790834093093872,0.06193524783278901,0.21846475601196289,0.017613357064753723,20,log2,2,5,300,"{'max_depth': 20, 'max_features': 'log2', 'min_samples_leaf': 2, 'min_samples_split': 5, 'n_estimators': 300}",0.9719039626359192,0.9705696479890028,0.9701533034866369,0.971158665895508,0.9704942605814367,0.9708559681177007,0.0006158681022006659,83,0.9791518360029476,0.9788040177407183,0.9804047623323218,0.9802379809004856,0.9805199506563116,0.979823709526557,0.0007050078318628606
0.5848635196685791,0.027667596724397805,0.0989842414855957,0.009537770980046732,20,log2,2,10,100,"{'max_depth': 20, 'max_features': 'log2', 'min_samples_leaf': 2, 'min_samples_split': 10, 'n_estimators': 100}",0.9722175101309961,0.9705588540194139,0.9694091360238589,0.9712656524616605,0.9696207042473106,0.970614371376648,0.001042810597748256,103,0.9768732479733314,0.977869179965685,0.9785408938572052,0.9785207023960041,0.9799458206495936,0.9783499689683639,0.0010024178537160128
1.1630983829498291,0.03767723624189599,0.1672360420227051,0.024513497192965458,20,log2,2,10,200,"{'max_depth': 20, 'max_features': 'log2', 'min_samples_leaf': 2, 'min_samples_split': 10, 'n_estimators': 200}",0.9722036417688592,0.9705588540194139,0.9691434296209719,0.9714239008937762,0.9697537807774029,0.9706167214160848,0.0011034907167972857,101,0.9774114660145239,0.9776241516347776,0.978944193267086,0.978422257383814,0.9800372841003527,0.9784878704801109,0.0009505656156445952
1.7240582942962646,0.046845544879268106,0.20439448356628417,0.012753865837289394,20,log2,2,10,300,"{'max_depth': 20, 'max_features': 'log2', 'min_samples_leaf': 2, 'min_samples_split': 10, 'n_estimators': 300}",0.9720812182741118,0.9706947941219539,0.9694091360238589,0.9717178209866623,0.9696295728200015,0.9707065084453177,0.0010729103351233649,95,0.9768921131354116,0.977251855429555,0.9788127718733057,0.9782329988851727,0.979847459289917,0.9782074397226724,0.0010677050001504415
0.5972236156463623,0.028051704011831855,0.09781684875488281,0.017925666240249737,20,log2,4,2,100,"{'max_depth': 20, 'max_features': 'log2', 'min_samples_leaf': 4, 'min_samples_split': 2, 'n_estimators': 100}",0.9685121332379155,0.9686876377878303,0.9677058498980052,0.9704144253352527,0.9670882632938936,0.9684816619105794,0.0011244885951747028,159,0.9736507386602659,0.9742687189246584,0.974171832955664,0.9750609185991871,0.9753583029370371,0.9745021024153624,0.0006218875901407116
1.1145904541015625,0.023422553641743175,0.14740433692932128,0.008841489330581143,20,log2,4,2,200,"{'max_depth': 20, 'max_features': 'log2', 'min_samples_leaf': 4, 'min_samples_split': 2, 'n_estimators': 200}",0.9685121332379155,0.9688198658575535,0.9680206735039975,0.9716616573636753,0.9676443803781964,0.9689317420682677,0.0014232618470961728,149,0.9737231827813403,0.9741250401343479,0.974323542732217,0.9753062229140737,0.9760003973444148,0.9746956771812787,0.0008348552978029149
1.6729920387268067,0.030188996033033908,0.20516629219055177,0.01234333770034611,20,log2,4,2,300,"{'max_depth': 20, 'max_features': 'log2', 'min_samples_leaf': 4, 'min_samples_split': 2, 'n_estimators': 300}",0.9680717434929913,0.969125572923665,0.9683333752736606,0.9718000177770293,0.9672593737920371,0.9689180166518765,0.0015593646160156835,153,0.9738312406222853,0.9740523432018034,0.974487823734055,0.9750283465617288,0.9758759594410634,0.9746551427121872,0.0007348268017326905
0.5792794227600098,0.03399221284773905,0.08779730796813964,0.011847366094164553,20,log2,4,5,100,"{'max_depth': 20, 'max_features': 'log2', 'min_samples_leaf': 4, 'min_samples_split': 5, 'n_estimators': 100}",0.9685121332379155,0.9686876377878303,0.9677058498980052,0.9704144253352527,0.9670882632938936,0.9684816619105794,0.0011244885951747028,159,0.9736507386602659,0.9742687189246584,0.974171832955664,0.9750609185991871,0.9753583029370371,0.9745021024153624,0.0006218875901407116
1.0913216590881347,0.015721549363080293,0.14000768661499025,0.0026486456701025293,20,log2,4,5,200,"{'max_depth': 20, 'max_features': 'log2', 'min_samples_leaf': 4, 'min_samples_split': 5, 'n_estimators': 200}",0.9685121332379155,0.9688198658575535,0.9680206735039975,0.9716616573636753,0.9676443803781964,0.9689317420682677,0.0014232618470961728,149,0.9737231827813403,0.9741250401343479,0.974323542732217,0.9753062229140737,0.9760003973444148,0.9746956771812787,0.0008348552978029149
1.6299603939056397,0.031004174800484306,0.21560330390930177,0.00906487828185397,20,log2,4,5,300,"{'max_depth': 20, 'max_features': 'log2', 'min_samples_leaf': 4, 'min_samples_split': 5, 'n_estimators': 300}",0.9680717434929913,0.969125572923665,0.9683333752736606,0.9718000177770293,0.9672593737920371,0.9689180166518765,0.0015593646160156835,153,0.9738312406222853,0.9740523432018034,0.974487823734055,0.9750283465617288,0.9758759594410634,0.9746551427121872,0.0007348268017326905
0.6000298500061035,0.020859818227998105,0.09663100242614746,0.015390383434461802,20,log2,4,10,100,"{'max_depth': 20, 'max_features': 'log2', 'min_samples_leaf': 4, 'min_samples_split': 10, 'n_estimators': 100}",0.9699688848740339,0.9685121332379155,0.968151286451136,0.9705588540194139,0.96658142173169,0.9687545160628378,0.0014053683817038622,157,0.9734327106340759,0.973978956052216,0.974487823734055,0.9753905241995979,0.9760475818017853,0.974667519284346,0.0009442955975474029
1.1127628326416015,0.031074152399014288,0.14168987274169922,0.005831690338656552,20,log2,4,10,200,"{'max_depth': 20, 'max_features': 'log2', 'min_samples_leaf': 4, 'min_samples_split': 10, 'n_estimators': 200}",0.9693531454413309,0.9689925558312655,0.9686439827361237,0.9708402561278399,0.9670882632938936,0.9689836406860908,0.0012075973769702835,147,0.9732497772213448,0.9741250401343479,0.9749312032452697,0.9757623481748722,0.975863400348968,0.9747863538249606,0.0009931746066700544
1.6332648277282715,0.030686081594458455,0.20894112586975097,0.011158781701681678,20,log2,4,10,300,"{'max_depth': 20, 'max_features': 'log2', 'min_samples_leaf': 4, 'min_samples_split': 10, 'n_estimators': 300}",0.9695272508280638,0.9689925558312655,0.9686439827361237,0.9705588540194139,0.9673437500000001,0.9690132786829734,0.001056134976483133,145,0.9734692228808761,0.9741250401343479,0.9747935416557202,0.9752586877700701,0.9756686453678384,0.9746630275617705,0.0007871101921004361
0.6547430992126465,0.013767543039240071,0.09885811805725098,0.01158868659200122,30,sqrt,1,2,100,"{'max_depth': 30, 'max_features': 'sqrt', 'min_samples_leaf': 1, 'min_samples_split': 2, 'n_estimators': 100}",0.9723889014211595,0.9733896150380765,0.9715636342943546,0.9717084215965887,0.9722541507024266,0.9722609446105211,0.0006452657428643475,19,0.9829721362229101,0.9830092344810595,0.9829403392747579,0.9837250988728696,0.9834954671239738,0.9832284551951143,0.0003208483234654556
1.3485493659973145,0.05501462568232146,0.15816850662231446,0.009303080730586619,30,sqrt,1,2,200,"{'max_depth': 30, 'max_features': 'sqrt', 'min_samples_leaf': 1, 'min_samples_split': 2, 'n_estimators': 200}",0.9721282629846607,0.9734457671957673,0.9714792392833118,0.9714989888776543,0.9724665696805436,0.9722037656043876,0.0007264961397689516,21,0.982771319094189,0.9829825635736616,0.9829162186250026,0.9836152614591379,0.9834710365190222,0.9831512798542026,0.00033033691842046
2.001978302001953,0.039470271504950784,0.23036766052246094,0.01489541809263841,30,sqrt,1,2,300,"{'max_depth': 30, 'max_features': 'sqrt', 'min_samples_leaf': 1, 'min_samples_split': 2, 'n_estimators': 300}",0.9722665770232792,0.9735856087109528,0.9711697544514882,0.9712150347917451,0.9725312545020889,0.9721536458959108,0.0009005434339244868,23,0.982557481028429,0.982928545876817,0.9828673562707474,0.9835777126099706,0.9833964938438635,0.9830655179259654,0.0003709499496311552
0.6682082653045655,0.05787625327826245,0.10186324119567872,0.00897643229441173,30,sqrt,1,5,100,"{'max_depth': 30, 'max_features': 'sqrt', 'min_samples_leaf': 1, 'min_samples_split': 5, 'n_estimators': 100}",0.973640418025694,0.973692400936983,0.9722221060861349,0.9717747683535282,0.9720250454713731,0.9726709477747427,0.0008252303111336887,7,0.9827156003346307,0.9829970390757724,0.9827543334954568,0.9836502122749137,0.9833070155650802,0.9830848401491707,0.00035278584815217647
1.2988746166229248,0.01034900507717224,0.16339988708496095,0.0029109407326859986,30,sqrt,1,5,200,"{'max_depth': 30, 'max_features': 'sqrt', 'min_samples_leaf': 1, 'min_samples_split': 5, 'n_estimators': 200}",0.973640418025694,0.9733061497381378,0.9713905773482169,0.9722541507024266,0.972083813218565,0.972535021806608,0.0008256839556858383,9,0.9826344803347934,0.9829034391534391,0.9827286271221217,0.9834874802616738,0.9832683629203078,0.9830044779584671,0.00032438472946387027
1.9203623294830323,0.037446066359422436,0.2518784523010254,0.02034597069401204,30,sqrt,1,5,300,"{'max_depth': 30, 'max_features': 'sqrt', 'min_samples_leaf': 1, 'min_samples_split': 5, 'n_estimators': 300}",0.9739210284664831,0.9735293632872377,0.9716228893058161,0.9713964686998394,0.9718656414407123,0.9724670782400178,0.0010452757292020063,11,0.9825427430942967,0.9829438903064512,0.982663403688632,0.9833448993754338,0.9832553700069528,0.9829500612943534,0.0003153503766820072
0.657786750793457,0.02808114060880875,0.10047211647033691,0.01238311459876104,30,sqrt,1,10,100,"{'max_depth': 30, 'max_features': 'sqrt', 'min_samples_leaf': 1, 'min_samples_split': 10, 'n_estimators': 100}",0.9737977422187948,0.9733633140188532,0.9705393968611067,0.9708552926607505,0.9702428297384551,0.9717597150995921,0.001505535239199204,45,0.9813118567731044,0.9813810620828165,0.9814168977187349,0.9821435931580033,0.981901082528481,0.981630898452228,0.0003304110817829736
1.2092581748962403,0.033851677287299584,0.15009551048278807,0.009631566753944746,30,sqrt,1,10,200,"{'max_depth': 30, 'max_features': 'sqrt', 'min_samples_leaf': 1, 'min_samples_split': 10, 'n_estimators': 200}",0.9739385719436194,0.9735035070161985,0.9702807759920201,0.9708994708994708,0.9706171337669022,0.9718478919236422,0.0015480390630244634,37,0.9813466039004708,0.9814755744580306,0.9813284003006734,0.9821978221065718,0.9818199240414902,0.9816336649614474,0.0003327307928071583
1.8212002754211425,0.051431595063496295,0.22778863906860353,0.014609281398618891,30,sqrt,1,10,300,"{'max_depth': 30, 'max_features': 'sqrt', 'min_samples_leaf': 1, 'min_samples_split': 10, 'n_estimators': 300}",0.9740259740259741,0.9733633140188532,0.9701465888192548,0.9712632275132275,0.9705857464416877,0.9718769701637994,0.0015404930375903262,33,0.9812556705506147,0.9815095727197587,0.9813836653599814,0.9822438525318868,0.9819876955513299,0.9816760913427143,0.00037668156322165624
0.6207458019256592,0.0192960627612743,0.09779138565063476,0.010297753801807441,30,sqrt,2,2,100,"{'max_depth': 30, 'max_features': 'sqrt', 'min_samples_leaf': 2, 'min_samples_split': 2, 'n_estimators': 100}",0.9715385800092408,0.9713250129448104,0.9698914390338628,0.9709825528007346,0.9693553896452447,0.9706185948867787,0.0008488000445411026,99,0.9805387624466572,0.9808512111411135,0.9806578650551159,0.9817565689532031,0.9810862298765554,0.9809781274945288,0.0004311321527645408
1.2141688823699952,0.01741718227400589,0.16638498306274413,0.03507971831405426,30,sqrt,2,2,200,"{'max_depth': 30, 'max_features': 'sqrt', 'min_samples_leaf': 2, 'min_samples_split': 2, 'n_estimators': 200}",0.9718126913578065,0.9712041884816754,0.9702983114793512,0.9712136680904261,0.9702425913889718,0.9709542901596462,0.0006005667104514906,69,0.9804004543531036,0.9808129182445758,0.9807354613693229,0.9818299749200033,0.9811449575750443,0.9809847532924099,0.0004843849727192399
1.801170825958252,0.059300911401908026,0.22451319694519042,0.02085085778000733,30,sqrt,2,2,300,"{'max_depth': 30, 'max_features': 'sqrt', 'min_samples_leaf': 2, 'min_samples_split': 2, 'n_estimators': 300}",0.9716754850088183,0.9709453540866518,0.9702983114793512,0.9709825528007346,0.9699896591934172,0.9707782725137946,0.0005876921834613885,91,0.9804392968909946,0.9807548181124837,0.9806966490299823,0.9818299749200033,0.9811841281345325,0.9809809734175993,0.0004873346753508818
0.6276266574859619,0.016179520522848448,0.09596486091613769,0.007220703408406215,30,sqrt,2,5,100,"{'max_depth': 30, 'max_features': 'sqrt', 'min_samples_leaf': 2, 'min_samples_split': 5, 'n_estimators': 100}",0.9719258102131967,0.9714438122332859,0.9696244477172312,0.9708858214955777,0.9696127215739052,0.9706985226466394,0.0009412091288695967,97,0.9804811399014297,0.9808131715700439,0.9809827334046407,0.9818346081380717,0.9810863833456208,0.9810396072719613,0.0004473495157074675
1.1922911643981933,0.036778599758923995,0.16924943923950195,0.01321381427426736,30,sqrt,2,5,200,"{'max_depth': 30, 'max_features': 'sqrt', 'min_samples_leaf': 2, 'min_samples_split': 5, 'n_estimators': 200}",0.9717884307973369,0.9714438122332859,0.969895534381816,0.9709825528007346,0.970474945533769,0.9709170551493885,0.0006752812863408314,79,0.9805399024279398,0.9809479221959564,0.9808891838088919,0.98179098695995,0.9812770846877109,0.9810890160160899,0.0004217817305369698
1.8514504432678223,0.09953206612966507,0.24069910049438475,0.03910117355852724,30,sqrt,2,5,300,"{'max_depth': 30, 'max_features': 'sqrt', 'min_samples_leaf': 2, 'min_samples_split': 5, 'n_estimators': 300}",0.9717884307973369,0.9714438122332859,0.9701637120991959,0.9709825528007346,0.9702254916941345,0.9709207999249376,0.0006460300511279857,73,0.9805199506563116,0.9809479221959564,0.9808702373214819,0.981847067374726,0.9813161426591274,0.9811002640415207,0.00045104384507960464
0.5892478942871093,0.043151648793259244,0.10019059181213379,0.013191716372708814,30,sqrt,2,10,100,"{'max_depth': 30, 'max_features': 'sqrt', 'min_samples_leaf': 2, 'min_samples_split': 10, 'n_estimators': 100}",0.9735995633010471,0.9725841625891106,0.9698754501800719,0.9711883098979873,0.9701234567901235,0.971474188551668,0.0014290855444083277,55,0.9792050534394878,0.9789129478928174,0.9799698534942148,0.9801424302510683,0.9805776395460963,0.979761584924737,0.0006138853656313522
1.1834539413452148,0.029545355308924937,0.16391348838806152,0.018992295043880003,30,sqrt,2,10,200,"{'max_depth': 30, 'max_features': 'sqrt', 'min_samples_leaf': 2, 'min_samples_split': 10, 'n_estimators': 200}",0.9734581795264248,0.9724275724275725,0.9696176251141192,0.9710801695061835,0.9705265212511588,0.9714220135650917,0.001366140693701188,59,0.9791437743735592,0.9795648901119242,0.9803648807976518,0.9799458206495936,0.9804577999178674,0.9798954331701193,0.0004926308946511022
1.7290833950042725,0.04917237542014791,0.20940051078796387,0.019104734609515065,30,sqrt,2,10,300,"{'max_depth': 30, 'max_features': 'sqrt', 'min_samples_leaf': 2, 'min_samples_split': 10, 'n_estimators': 300}",0.9733434606481483,0.9721664732518716,0.9694845665883746,0.9711883098979873,0.9703918825591896,0.9713149385891142,0.0013459823139070793,63,0.979066890798947,0.9794443321429375,0.9804443096519826,0.9798649702117137,0.980478168925374,0.979859734346191,0.0005523362946670459
0.595427417755127,0.04173201847407409,0.08798208236694335,0.006761799763012739,30,sqrt,4,2,100,"{'max_depth': 30, 'max_features': 'sqrt', 'min_samples_leaf': 4, 'min_samples_split': 2, 'n_estimators': 100}",0.9702530219266491,0.9687645345279186,0.9682497026519958,0.970977331846897,0.9681433071696738,0.9692775796246268,0.001135514477747748,141,0.9762938911911442,0.9751440273104026,0.9759134503917003,0.976481953297821,0.9766792939300899,0.9761025232242314,0.0005417963232560403
1.0996731281280518,0.03423641353591531,0.15188045501708985,0.021270264825167,30,sqrt,4,2,200,"{'max_depth': 30, 'max_features': 'sqrt', 'min_samples_leaf': 4, 'min_samples_split': 2, 'n_estimators': 200}",0.9692253890540304,0.9696262025409416,0.969029184038118,0.9708410764518057,0.9681735985533454,0.9693790901276482,0.0008715201413695431,133,0.9760778056823577,0.9750409807943031,0.9763267004809008,0.9767782144546127,0.977024916572915,0.9762497235970178,0.0006894587891367644
1.6905783653259276,0.09036764018231845,0.2314922332763672,0.0397246145588272,30,sqrt,4,2,300,"{'max_depth': 30, 'max_features': 'sqrt', 'min_samples_leaf': 4, 'min_samples_split': 2, 'n_estimators': 300}",0.970674964878044,0.9699218749999999,0.969029184038118,0.9709735180473094,0.9681735985533454,0.9697546281033633,0.0010379409933658696,125,0.9762644559752949,0.974903919120707,0.9762604844029781,0.9760172239936772,0.9774174463381011,0.9761727059661517,0.0007999370493543164
0.5900363445281982,0.019705090048261178,0.08392529487609864,0.00423898652111112,30,sqrt,4,5,100,"{'max_depth': 30, 'max_features': 'sqrt', 'min_samples_leaf': 4, 'min_samples_split': 5, 'n_estimators': 100}",0.9702530219266491,0.9687645345279186,0.9682497026519958,0.970977331846897,0.9681433071696738,0.9692775796246268,0.001135514477747748,141,0.9762938911911442,0.9751440273104026,0.9759134503917003,0.976481953297821,0.9766792939300899,0.9761025232242314,0.0005417963232560403
1.1155893802642822,0.03948022439270022,0.15328588485717773,0.008492377868906702,30,sqrt,4,5,200,"{'max_depth': 30, 'max_features': 'sqrt', 'min_samples_leaf': 4, 'min_samples_split': 5, 'n_estimators': 200}",0.9692253890540304,0.9696262025409416,0.969029184038118,0.9708410764518057,0.9681735985533454,0.9693790901276482,0.0008715201413695431,133,0.9760778056823577,0.9750409807943031,0.9763267004809008,0.9767782144546127,0.977024916572915,0.9762497235970178,0.0006894587891367644
1.717306423187256,0.04427590073211914,0.21292328834533691,0.011496675539825309,30,sqrt,4,5,300,"{'max_depth': 30, 'max_features': 'sqrt', 'min_samples_leaf': 4, 'min_samples_split': 5, 'n_estimators': 300}",0.970674964878044,0.9699218749999999,0.969029184038118,0.9709735180473094,0.9681735985533454,0.9697546281033633,0.0010379409933658696,125,0.9762644559752949,0.974903919120707,0.9762604844029781,0.9760172239936772,0.9774174463381011,0.9761727059661517,0.0007999370493543164
0.5909760475158692,0.048318932778370786,0.08635025024414063,0.01064754289098366,30,sqrt,4,10,100,"{'max_depth': 30, 'max_features': 'sqrt', 'min_samples_leaf': 4, 'min_samples_split': 10, 'n_estimators': 100}",0.970674964878044,0.9699452095938922,0.969029184038118,0.9716400239533002,0.9678839777687666,0.9698346720464242,0.0012985857843318676,113,0.9761733321509857,0.9756327945569359,0.9764497920694111,0.9762230974195479,0.9772036801493161,0.9763365392692392,0.0005098081481208948
1.1465153217315673,0.02431641374967024,0.17233872413635254,0.0172700984835153,30,sqrt,4,10,200,"{'max_depth': 30, 'max_features': 'sqrt', 'min_samples_leaf': 4, 'min_samples_split': 10, 'n_estimators': 200}",0.9702357943563973,0.9703715186776667,0.9694921874999999,0.970971466270823,0.9677548301132578,0.969765159383629,0.0011099804143959785,117,0.9754961442674107,0.9754333990736986,0.976637241005057,0.9765053610553256,0.9771656914514057,0.9762475673705795,0.0006765739647247165
1.661857509613037,0.04369333870683542,0.2183201789855957,0.01252996154198666,30,sqrt,4,10,300,"{'max_depth': 30, 'max_features': 'sqrt', 'min_samples_leaf': 4, 'min_samples_split': 10, 'n_estimators': 300}",0.971096907829439,0.9697871366445411,0.9694921874999999,0.9711077947422799,0.9689001979078316,0.9700768449248184,0.0008847190797250554,109,0.9757250655893729,0.9754072955419084,0.9767025901303349,0.9765429375818986,0.9777809997905692,0.9764317777268168,0.0008312763488759382
0.6501590728759765,0.021343009599326994,0.10459117889404297,0.010234822743732965,30,log2,1,2,100,"{'max_depth': 30, 'max_features': 'log2', 'min_samples_leaf': 1, 'min_samples_split': 2, 'n_estimators': 100}",0.9723889014211595,0.9733896150380765,0.9715636342943546,0.9717084215965887,0.9722541507024266,0.9722609446105211,0.0006452657428643475,19,0.9829721362229101,0.9830092344810595,0.9829403392747579,0.9837250988728696,0.9834954671239738,0.9832284551951143,0.0003208483234654556
1.3091309547424317,0.05381315863278181,0.1597750186920166,0.011663654337842095,30,log2,1,2,200,"{'max_depth': 30, 'max_features': 'log2', 'min_samples_leaf': 1, 'min_samples_split': 2, 'n_estimators': 200}",0.9721282629846607,0.9734457671957673,0.9714792392833118,0.9714989888776543,0.9724665696805436,0.9722037656043876,0.0007264961397689516,21,0.982771319094189,0.9829825635736616,0.9829162186250026,0.9836152614591379,0.9834710365190222,0.9831512798542026,0.00033033691842046
2.0240787982940676,0.06033367428074183,0.2342535972595215,0.007790596835304159,30,log2,1,2,300,"{'max_depth': 30, 'max_features': 'log2', 'min_samples_leaf': 1, 'min_samples_split': 2, 'n_estimators': 300}",0.9722665770232792,0.9735856087109528,0.9711697544514882,0.9712150347917451,0.9725312545020889,0.9721536458959108,0.0009005434339244868,23,0.982557481028429,0.982928545876817,0.9828673562707474,0.9835777126099706,0.9833964938438635,0.9830655179259654,0.0003709499496311552
0.6876644611358642,0.035137553318807774,0.09786357879638671,0.0165484132771296,30,log2,1,5,100,"{'max_depth': 30, 'max_features': 'log2', 'min_samples_leaf': 1, 'min_samples_split': 5, 'n_estimators': 100}",0.973640418025694,0.973692400936983,0.9722221060861349,0.9717747683535282,0.9720250454713731,0.9726709477747427,0.0008252303111336887,7,0.9827156003346307,0.9829970390757724,0.9827543334954568,0.9836502122749137,0.9833070155650802,0.9830848401491707,0.00035278584815217647
1.2995407104492187,0.03535718286017807,0.15995492935180664,0.008178145332137144,30,log2,1,5,200,"{'max_depth': 30, 'max_features': 'log2', 'min_samples_leaf': 1, 'min_samples_split': 5, 'n_estimators': 200}",0.973640418025694,0.9733061497381378,0.9713905773482169,0.9722541507024266,0.972083813218565,0.972535021806608,0.0008256839556858383,9,0.9826344803347934,0.9829034391534391,0.9827286271221217,0.9834874802616738,0.9832683629203078,0.9830044779584671,0.00032438472946387027
1.9002882957458496,0.0414542641574783,0.22491612434387206,0.014128292587635967,30,log2,1,5,300,"{'max_depth': 30, 'max_features': 'log2', 'min_samples_leaf': 1, 'min_samples_split': 5, 'n_estimators': 300}",0.9739210284664831,0.9735293632872377,0.9716228893058161,0.9713964686998394,0.9718656414407123,0.9724670782400178,0.0010452757292020063,11,0.9825427430942967,0.9829438903064512,0.982663403688632,0.9833448993754338,0.9832553700069528,0.9829500612943534,0.0003153503766820072
0.637825870513916,0.015677379675224035,0.09562058448791504,0.015239739068440507,30,log2,1,10,100,"{'max_depth': 30, 'max_features': 'log2', 'min_samples_leaf': 1, 'min_samples_split': 10, 'n_estimators': 100}",0.9737977422187948,0.9733633140188532,0.9705393968611067,0.9708552926607505,0.9702428297384551,0.9717597150995921,0.001505535239199204,45,0.9813118567731044,0.9813810620828165,0.9814168977187349,0.9821435931580033,0.981901082528481,0.981630898452228,0.0003304110817829736
1.2252267360687257,0.08626950431337954,0.18133063316345216,0.010894829228136931,30,log2,1,10,200,"{'max_depth': 30, 'max_features': 'log2', 'min_samples_leaf': 1, 'min_samples_split': 10, 'n_estimators': 200}",0.9739385719436194,0.9735035070161985,0.9702807759920201,0.9708994708994708,0.9706171337669022,0.9718478919236422,0.0015480390630244634,37,0.9813466039004708,0.9814755744580306,0.9813284003006734,0.9821978221065718,0.9818199240414902,0.9816336649614474,0.0003327307928071583
1.8189559936523438,0.05494181325398319,0.24012722969055175,0.01927999479756954,30,log2,1,10,300,"{'max_depth': 30, 'max_features': 'log2', 'min_samples_leaf': 1, 'min_samples_split': 10, 'n_estimators': 300}",0.9740259740259741,0.9733633140188532,0.9701465888192548,0.9712632275132275,0.9705857464416877,0.9718769701637994,0.0015404930375903262,33,0.9812556705506147,0.9815095727197587,0.9813836653599814,0.9822438525318868,0.9819876955513299,0.9816760913427143,0.00037668156322165624
0.6229936599731445,0.013780034347084661,0.09923815727233887,0.003906757875391609,30,log2,2,2,100,"{'max_depth': 30, 'max_features': 'log2', 'min_samples_leaf': 2, 'min_samples_split': 2, 'n_estimators': 100}",0.9715385800092408,0.9713250129448104,0.9698914390338628,0.9709825528007346,0.9693553896452447,0.9706185948867787,0.0008488000445411026,99,0.9805387624466572,0.9808512111411135,0.9806578650551159,0.9817565689532031,0.9810862298765554,0.9809781274945288,0.0004311321527645408
1.1971855163574219,0.013640218293882185,0.17847685813903807,0.02104020171660463,30,log2,2,2,200,"{'max_depth': 30, 'max_features': 'log2', 'min_samples_leaf': 2, 'min_samples_split': 2, 'n_estimators': 200}",0.9718126913578065,0.9712041884816754,0.9702983114793512,0.9712136680904261,0.9702425913889718,0.9709542901596462,0.0006005667104514906,69,0.9804004543531036,0.9808129182445758,0.9807354613693229,0.9818299749200033,0.9811449575750443,0.9809847532924099,0.0004843849727192399
1.847467565536499,0.05503600048671201,0.22962346076965331,0.010278798075628575,30,log2,2,2,300,"{'max_depth': 30, 'max_features': 'log2', 'min_samples_leaf': 2, 'min_samples_split': 2, 'n_estimators': 300}",0.9716754850088183,0.9709453540866518,0.9702983114793512,0.9709825528007346,0.9699896591934172,0.9707782725137946,0.0005876921834613885,91,0.9804392968909946,0.9807548181124837,0.9806966490299823,0.9818299749200033,0.9811841281345325,0.9809809734175993,0.0004873346753508818
0.6186046600341797,0.022702719667929732,0.09968838691711426,0.0136443794889832,30,log2,2,5,100,"{'max_depth': 30, 'max_features': 'log2', 'min_samples_leaf': 2, 'min_samples_split': 5, 'n_estimators': 100}",0.9719258102131967,0.9714438122332859,0.9696244477172312,0.9708858214955777,0.9696127215739052,0.9706985226466394,0.0009412091288695967,97,0.9804811399014297,0.9808131715700439,0.9809827334046407,0.9818346081380717,0.9810863833456208,0.9810396072719613,0.0004473495157074675
1.1939728736877442,0.05281140550108649,0.15972647666931153,0.009301647691142495,30,log2,2,5,200,"{'max_depth': 30, 'max_features': 'log2', 'min_samples_leaf': 2, 'min_samples_split': 5, 'n_estimators': 200}",0.9717884307973369,0.9714438122332859,0.969895534381816,0.9709825528007346,0.970474945533769,0.9709170551493885,0.0006752812863408314,79,0.9805399024279398,0.9809479221959564,0.9808891838088919,0.98179098695995,0.9812770846877109,0.9810890160160899,0.0004217817305369698
1.7958495140075683,0.02862775669236197,0.22959547042846679,0.018015025049997524,30,log2,2,5,300,"{'max_depth': 30, 'max_features': 'log2', 'min_samples_leaf': 2, 'min_samples_split': 5, 'n_estimators': 300}",0.9717884307973369,0.9714438122332859,0.9701637120991959,0.9709825528007346,0.9702254916941345,0.9709207999249376,0.0006460300511279857,73,0.9805199506563116,0.9809479221959564,0.9808702373214819,0.981847067374726,0.9813161426591274,0.9811002640415207,0.00045104384507960464
0.5976394176483154,0.03271381269453923,0.09504733085632325,0.010729856377510701,30,log2,2,10,100,"{'max_depth': 30, 'max_features': 'log2', 'min_samples_leaf': 2, 'min_samples_split': 10, 'n_estimators': 100}",0.9735995633010471,0.9725841625891106,0.9698754501800719,0.9711883098979873,0.9701234567901235,0.971474188551668,0.0014290855444083277,55,0.9792050534394878,0.9789129478928174,0.9799698534942148,0.9801424302510683,0.9805776395460963,0.979761584924737,0.0006138853656313522
1.168703031539917,0.050731889789157734,0.152077579498291,0.01107391787182335,30,log2,2,10,200,"{'max_depth': 30, 'max_features': 'log2', 'min_samples_leaf': 2, 'min_samples_split': 10, 'n_estimators': 200}",0.9734581795264248,0.9724275724275725,0.9696176251141192,0.9710801695061835,0.9705265212511588,0.9714220135650917,0.001366140693701188,59,0.9791437743735592,0.9795648901119242,0.9803648807976518,0.9799458206495936,0.9804577999178674,0.9798954331701193,0.0004926308946511022
1.7507813930511475,0.07575885983184122,0.2213371753692627,0.02165357212886763,30,log2,2,10,300,"{'max_depth': 30, 'max_features': 'log2', 'min_samples_leaf': 2, 'min_samples_split': 10, 'n_estimators': 300}",0.9733434606481483,0.9721664732518716,0.9694845665883746,0.9711883098979873,0.9703918825591896,0.9713149385891142,0.0013459823139070793,63,0.979066890798947,0.9794443321429375,0.9804443096519826,0.9798649702117137,0.980478168925374,0.979859734346191,0.0005523362946670459
0.578373384475708,0.017663277126281095,0.09507260322570801,0.0246686650089207,30,log2,4,2,100,"{'max_depth': 30, 'max_features': 'log2', 'min_samples_leaf': 4, 'min_samples_split': 2, 'n_estimators': 100}",0.9702530219266491,0.9687645345279186,0.9682497026519958,0.970977331846897,0.9681433071696738,0.9692775796246268,0.001135514477747748,141,0.9762938911911442,0.9751440273104026,0.9759134503917003,0.976481953297821,0.9766792939300899,0.9761025232242314,0.0005417963232560403
1.1188582897186279,0.019620471996061487,0.15309958457946776,0.007207681984832816,30,log2,4,2,200,"{'max_depth': 30, 'max_features': 'log2', 'min_samples_leaf': 4, 'min_samples_split': 2, 'n_estimators': 200}",0.9692253890540304,0.9696262025409416,0.969029184038118,0.9708410764518057,0.9681735985533454,0.9693790901276482,0.0008715201413695431,133,0.9760778056823577,0.9750409807943031,0.9763267004809008,0.9767782144546127,0.977024916572915,0.9762497235970178,0.0006894587891367644
1.6840855598449707,0.039455954286502226,0.20577688217163087,0.013054179479733684,30,log2,4,2,300,"{'max_depth': 30, 'max_features': 'log2', 'min_samples_leaf': 4, 'min_samples_split': 2, 'n_estimators': 300}",0.970674964878044,0.9699218749999999,0.969029184038118,0.9709735180473094,0.9681735985533454,0.9697546281033633,0.0010379409933658696,125,0.9762644559752949,0.974903919120707,0.9762604844029781,0.9760172239936772,0.9774174463381011,0.9761727059661517,0.0007999370493543164
0.6149125576019288,0.018173249573438535,0.09088015556335449,0.00994143762319816,30,log2,4,5,100,"{'max_depth': 30, 'max_features': 'log2', 'min_samples_leaf': 4, 'min_samples_split': 5, 'n_estimators': 100}",0.9702530219266491,0.9687645345279186,0.9682497026519958,0.970977331846897,0.9681433071696738,0.9692775796246268,0.001135514477747748,141,0.9762938911911442,0.9751440273104026,0.9759134503917003,0.976481953297821,0.9766792939300899,0.9761025232242314,0.0005417963232560403
1.1236385345458983,0.02589946143810639,0.1552419662475586,0.02468871945107746,30,log2,4,5,200,"{'max_depth': 30, 'max_features': 'log2', 'min_samples_leaf': 4, 'min_samples_split': 5, 'n_estimators': 200}",0.9692253890540304,0.9696262025409416,0.969029184038118,0.9708410764518057,0.9681735985533454,0.9693790901276482,0.0008715201413695431,133,0.9760778056823577,0.9750409807943031,0.9763267004809008,0.9767782144546127,0.977024916572915,0.9762497235970178,0.0006894587891367644
1.6752870559692383,0.022573717459742928,0.2161266803741455,0.02207293404496202,30,log2,4,5,300,"{'max_depth': 30, 'max_features': 'log2', 'min_samples_leaf': 4, 'min_samples_split': 5, 'n_estimators': 300}",0.970674964878044,0.9699218749999999,0.969029184038118,0.9709735180473094,0.9681735985533454,0.9697546281033633,0.0010379409933658696,125,0.9762644559752949,0.974903919120707,0.9762604844029781,0.9760172239936772,0.9774174463381011,0.9761727059661517,0.0007999370493543164
0.5768965721130371,0.015620339036935922,0.1081820011138916,0.005378422814127897,30,log2,4,10,100,"{'max_depth': 30, 'max_features': 'log2', 'min_samples_leaf': 4, 'min_samples_split': 10, 'n_estimators': 100}",0.970674964878044,0.9699452095938922,0.969029184038118,0.9716400239533002,0.9678839777687666,0.9698346720464242,0.0012985857843318676,113,0.9761733321509857,0.9756327945569359,0.9764497920694111,0.9762230974195479,0.9772036801493161,0.9763365392692392,0.0005098081481208948
1.124236536026001,0.029130468656936616,0.1566169261932373,0.010464109821136018,30,log2,4,10,200,"{'max_depth': 30, 'max_features': 'log2', 'min_samples_leaf': 4, 'min_samples_split': 10, 'n_estimators': 200}",0.9702357943563973,0.9703715186776667,0.9694921874999999,0.970971466270823,0.9677548301132578,0.969765159383629,0.0011099804143959785,117,0.9754961442674107,0.9754333990736986,0.976637241005057,0.9765053610553256,0.9771656914514057,0.9762475673705795,0.0006765739647247165
1.6029504776000976,0.197456225880177,0.189630126953125,0.0239060219925542,30,log2,4,10,300,"{'max_depth': 30, 'max_features': 'log2', 'min_samples_leaf': 4, 'min_samples_split': 10, 'n_estimators': 300}",0.971096907829439,0.9697871366445411,0.9694921874999999,0.9711077947422799,0.9689001979078316,0.9700768449248184,0.0008847190797250554,109,0.9757250655893729,0.9754072955419084,0.9767025901303349,0.9765429375818986,0.9777809997905692,0.9764317777268168,0.0008312763488759382
