mean_fit_time,std_fit_time,mean_score_time,std_score_time,param_max_depth,param_max_features,param_min_samples_leaf,param_min_samples_split,param_n_estimators,params,split0_test_score,split1_test_score,split2_test_score,split3_test_score,split4_test_score,mean_test_score,std_test_score,rank_test_score,split0_train_score,split1_train_score,split2_train_score,split3_train_score,split4_train_score,mean_train_score,std_train_score
0.9492275714874268,0.005932941352485574,0.10428080558776856,0.03133176936648878,,sqrt,1,2,100,"{'max_depth': None, 'max_features': 'sqrt', 'min_samples_leaf': 1, 'min_samples_split': 2, 'n_estimators': 100}",0.9722665770232792,0.9709580787652107,0.970944560737176,0.9723599048402588,0.9717639265530876,0.9716586095838025,0.0006120686712088609,29,0.9825130820692852,0.9824622892717837,0.9823012501701051,0.9832317073170732,0.9829655930895033,0.9826947843835502,0.0003474370380139068
1.909987449645996,0.11001252715343199,0.17337756156921386,0.022714194804637468,,sqrt,1,2,200,"{'max_depth': None, 'max_features': 'sqrt', 'min_samples_leaf': 1, 'min_samples_split': 2, 'n_estimators': 200}",0.9713657418237963,0.9706171337669022,0.9717341482047365,0.9721027287319423,0.971077680889303,0.9713794866833361,0.0005140664321476504,111,0.9823454483695652,0.982539308382005,0.9822119316041419,0.9832317073170732,0.9828633987750749,0.9826383588895722,0.0003688232942818468
2.750914430618286,0.08440399194632776,0.2327735424041748,0.019481777562084076,,sqrt,1,2,300,"{'max_depth': None, 'max_features': 'sqrt', 'min_samples_leaf': 1, 'min_samples_split': 2, 'n_estimators': 300}",0.9713992473486144,0.9713657418237963,0.9714019709452456,0.9714537856777308,0.9716670426347845,0.9714575576860343,0.00010846041264864444,79,0.9822825586746434,0.9824778218339615,0.9822269738196715,0.9831893081648783,0.9830926734658014,0.9826538671917913,0.00040751635938959737
0.8953049182891846,0.056071367316647,0.11037445068359375,0.020849728086991762,,sqrt,1,5,100,"{'max_depth': None, 'max_features': 'sqrt', 'min_samples_leaf': 1, 'min_samples_split': 5, 'n_estimators': 100}",0.9723599571160547,0.9711943368573106,0.9702957099058733,0.9722508886595573,0.971672917731009,0.971554762053961,0.0007565726319452084,57,0.9822987675834535,0.9822131823936607,0.9820970788639277,0.9830246913580246,0.9826056054445801,0.9824478651287294,0.0003340561550900522
1.8599146842956542,0.07211719175182703,0.15192670822143556,0.011702141123220525,,sqrt,1,5,200,"{'max_depth': None, 'max_features': 'sqrt', 'min_samples_leaf': 1, 'min_samples_split': 5, 'n_estimators': 200}",0.9708874214024409,0.9708559782608696,0.9713780533059745,0.9710335747202107,0.971118348712074,0.971054675280314,0.00018789744661838685,157,0.9821309505791019,0.9823221193739279,0.9820505910390344,0.9828336481008878,0.9825696691643979,0.98238139565147,0.00028832179821720394
2.6493247985839843,0.06820881528820466,0.24538488388061525,0.027757864584864414,,sqrt,1,5,300,"{'max_depth': None, 'max_features': 'sqrt', 'min_samples_leaf': 1, 'min_samples_split': 5, 'n_estimators': 300}",0.9716032608695652,0.9715356767988347,0.9711058827622497,0.9709842872262477,0.9714902415570587,0.9713438698427913,0.00024957395718303493,119,0.9821634802177582,0.9821957395651802,0.9820349653900181,0.9829562800825271,0.9827032013491502,0.9824107333209268,0.00035544810213627043
0.8684533119201661,0.03476212726729916,0.10317854881286621,0.009929643415543634,,sqrt,1,10,100,"{'max_depth': None, 'max_features': 'sqrt', 'min_samples_leaf': 1, 'min_samples_split': 10, 'n_estimators': 100}",0.9734207313154681,0.9724637993914413,0.9695898656215004,0.972718253968254,0.9709580787652107,0.9718301458123749,0.0013783737857219554,11,0.9811075825725344,0.9814106420400535,0.9816174414863034,0.9818362914161597,0.9818913631056781,0.9815726641241458,0.00028831420619491804
1.7302063941955566,0.07624959803239163,0.16189999580383302,0.011800280258175973,,sqrt,1,10,200,"{'max_depth': None, 'max_features': 'sqrt', 'min_samples_leaf': 1, 'min_samples_split': 10, 'n_estimators': 200}",0.9723256134546457,0.9726366969205412,0.9706096788980813,0.9720384284699638,0.9702428297384551,0.9715706494963374,0.0009603972779322681,51,0.9811817766502395,0.981518817204301,0.9816626330664951,0.9818811078729207,0.9818975270728947,0.9816283723733703,0.00026417545498813626
2.5943689346313477,0.10683583965304747,0.2330785274505615,0.012711298301292091,,sqrt,1,10,300,"{'max_depth': None, 'max_features': 'sqrt', 'min_samples_leaf': 1, 'min_samples_split': 10, 'n_estimators': 300}",0.9726022658479634,0.9726366969205412,0.9706096788980813,0.971077680889303,0.9712932758076397,0.9716439196727057,0.0008267122250559102,31,0.9812204695801051,0.9814106420400535,0.9816174414863034,0.981892532308189,0.9821048603421151,0.9816491891513532,0.0003189248298222807
0.8814438343048095,0.043436314677616494,0.1117166519165039,0.014014312637215925,,sqrt,2,2,100,"{'max_depth': None, 'max_features': 'sqrt', 'min_samples_leaf': 2, 'min_samples_split': 2, 'n_estimators': 100}",0.9716723608082821,0.9723597735061064,0.9707231792226768,0.9724415289017818,0.9706171337669022,0.9715627952411499,0.0007769919558135162,55,0.9812058563661692,0.9817537674778692,0.9816174414863034,0.9823843702170759,0.9819915658932953,0.9817906002881426,0.0003914628932125589
1.7406785011291503,0.04145162919964284,0.16812124252319335,0.006929921018677011,,sqrt,2,2,200,"{'max_depth': None, 'max_features': 'sqrt', 'min_samples_leaf': 2, 'min_samples_split': 2, 'n_estimators': 200}",0.9715674110835401,0.9726667095088147,0.9699896591934172,0.9722508886595573,0.9705857464416877,0.9714120829774033,0.0010007927875238956,97,0.9812414855756589,0.9817537674778692,0.9814659596305165,0.9823221193739279,0.9819423590284856,0.9817451382172916,0.00037509583691551794
2.6961681842803955,0.10374703195600488,0.2186342239379883,0.026734139602903658,,sqrt,2,2,300,"{'max_depth': None, 'max_features': 'sqrt', 'min_samples_leaf': 2, 'min_samples_split': 2, 'n_estimators': 300}",0.9722896986054881,0.9726667095088147,0.9702425913889718,0.9719754376796447,0.9706874451865345,0.9715723764738907,0.0009408513084227357,47,0.9813292666115246,0.9817925894638441,0.9815712354822991,0.9823765020026703,0.982040160788093,0.9818219508696862,0.00036375832731389154
0.9023223400115967,0.029419987341754213,0.10064282417297363,0.009843207767011754,,sqrt,2,5,100,"{'max_depth': None, 'max_features': 'sqrt', 'min_samples_leaf': 2, 'min_samples_split': 5, 'n_estimators': 100}",0.9725856697819314,0.9724637993914413,0.9697228687012127,0.9723034768763655,0.9705857464416877,0.9715323122385277,0.0011612061015529047,67,0.9814774504211403,0.9817202728325499,0.9815981657608696,0.9824850963457331,0.9820810235536546,0.9818724017827896,0.0003669476425942949
1.749412727355957,0.03128184612523231,0.16054949760437012,0.02105289042563075,,sqrt,2,5,200,"{'max_depth': None, 'max_features': 'sqrt', 'min_samples_leaf': 2, 'min_samples_split': 5, 'n_estimators': 200}",0.9723900061042503,0.9714885863018227,0.970376889397373,0.9722508886595573,0.9704176821581646,0.9713848105242336,0.0008628465885674503,105,0.9812519166106254,0.9816524388125051,0.9815655265989799,0.9823065515149537,0.9820652173913044,0.9817683301856736,0.0003739163804392906
2.5908675670623778,0.07688184259484251,0.21802277565002443,0.01612194973918193,,sqrt,2,5,300,"{'max_depth': None, 'max_features': 'sqrt', 'min_samples_leaf': 2, 'min_samples_split': 5, 'n_estimators': 300}",0.972014359928798,0.9725661015054244,0.9704942605814367,0.972334726940162,0.9707874611311875,0.9716393820174017,0.0008390463997418997,35,0.9812905786814325,0.981737055100135,0.9816591026060918,0.9822594565123438,0.9820810235536546,0.9818054432907315,0.0003386002342627605
0.8919740200042725,0.03746689228042803,0.09694871902465821,0.009503487940033816,,sqrt,2,10,100,"{'max_depth': None, 'max_features': 'sqrt', 'min_samples_leaf': 2, 'min_samples_split': 10, 'n_estimators': 100}",0.9730838158257513,0.9725306149178145,0.9695898656215004,0.9728191000918273,0.9712630675778932,0.9718572928069573,0.0012943820377334485,7,0.9807426747458893,0.9811491788151695,0.9813671237720564,0.9811607625534027,0.981565175927253,0.9811969831627542,0.0002736812249998518
1.6843077659606933,0.045801905311030004,0.17620573043823243,0.020502864520003397,,sqrt,2,10,200,"{'max_depth': None, 'max_features': 'sqrt', 'min_samples_leaf': 2, 'min_samples_split': 10, 'n_estimators': 200}",0.9729827899334084,0.9728395061728395,0.9701085646413247,0.9728191000918273,0.9705882352941176,0.9718676392267035,0.0012509661911626617,3,0.9806903314853518,0.9809400922759659,0.9812629508144495,0.9813331037574254,0.9813012581105034,0.9811055472887393,0.00025085456612828933
2.526218605041504,0.08084168647132688,0.2047797679901123,0.006824085118499456,,sqrt,2,10,300,"{'max_depth': None, 'max_features': 'sqrt', 'min_samples_leaf': 2, 'min_samples_split': 10, 'n_estimators': 300}",0.9728436090550078,0.9727002706211084,0.9698561315368806,0.9717171717171716,0.9704301075268816,0.97150945809141,0.0011949581216044846,75,0.9807835336850298,0.9807506254849617,0.9813671237720564,0.9814281006848685,0.9814584686036661,0.9811575704461166,0.0003203581145411967
0.912945032119751,0.021124091470830962,0.08723936080932618,0.011987208695640988,,sqrt,4,2,100,"{'max_depth': None, 'max_features': 'sqrt', 'min_samples_leaf': 4, 'min_samples_split': 2, 'n_estimators': 100}",0.9726425686284158,0.9718898247871574,0.969219440353461,0.9713243704007425,0.9709322049029585,0.9712016818145471,0.0011460058521878852,133,0.9791593822436954,0.9790583002124847,0.9802911158259321,0.9790356725509346,0.9800054430123585,0.9795099827690811,0.0005305766200175444
1.6519237995147704,0.04861988454261717,0.1548591136932373,0.01424155509697739,,sqrt,4,2,200,"{'max_depth': None, 'max_features': 'sqrt', 'min_samples_leaf': 4, 'min_samples_split': 2, 'n_estimators': 200}",0.9729218606113693,0.9716494845360825,0.9694845665883746,0.9721518987341772,0.9710526315789473,0.9714520884097901,0.0011592789071472227,83,0.9792959864178808,0.9791508282530251,0.9801946312271328,0.9791416068585873,0.9801424302510683,0.9795850966015388,0.00047979372768192216
2.4572879314422607,0.08728821663194834,0.22285184860229493,0.020360583225397095,,sqrt,4,2,300,"{'max_depth': None, 'max_features': 'sqrt', 'min_samples_leaf': 4, 'min_samples_split': 2, 'n_estimators': 300}",0.9735085265003276,0.9716494845360825,0.9693518403195823,0.972627021867703,0.9711886678990623,0.9716651082245515,0.0014072609338641072,21,0.9795991831000558,0.9791350295530629,0.9803679803679803,0.9792245402249101,0.9800231706171525,0.9796699807726323,0.00046937168655434273
0.8389047145843506,0.034562893157916726,0.0934229850769043,0.007095195738736418,,sqrt,4,5,100,"{'max_depth': None, 'max_features': 'sqrt', 'min_samples_leaf': 4, 'min_samples_split': 5, 'n_estimators': 100}",0.9726425686284158,0.9718898247871574,0.969219440353461,0.9713243704007425,0.9709322049029585,0.9712016818145471,0.0011460058521878852,133,0.9791593822436954,0.9790583002124847,0.9802911158259321,0.9790356725509346,0.9800054430123585,0.9795099827690811,0.0005305766200175444
1.6831448554992676,0.06019132225299123,0.1528158664703369,0.01497276230386037,,sqrt,4,5,200,"{'max_depth': None, 'max_features': 'sqrt', 'min_samples_leaf': 4, 'min_samples_split': 5, 'n_estimators': 200}",0.9729218606113693,0.9716494845360825,0.9694845665883746,0.9721518987341772,0.9710526315789473,0.9714520884097901,0.0011592789071472227,83,0.9792959864178808,0.9791508282530251,0.9801946312271328,0.9791416068585873,0.9801424302510683,0.9795850966015388,0.00047979372768192216
2.436632537841797,0.04543511589490345,0.23005104064941406,0.01216142730223464,,sqrt,4,5,300,"{'max_depth': None, 'max_features': 'sqrt', 'min_samples_leaf': 4, 'min_samples_split': 5, 'n_estimators': 300}",0.9735085265003276,0.9716494845360825,0.9693518403195823,0.972627021867703,0.9711886678990623,0.9716651082245515,0.0014072609338641072,21,0.9795991831000558,0.9791350295530629,0.9803679803679803,0.9792245402249101,0.9800231706171525,0.9796699807726323,0.00046937168655434273
0.8455603122711182,0.027926096635003703,0.0950392246246338,0.01377907086621952,,sqrt,4,10,100,"{'max_depth': None, 'max_features': 'sqrt', 'min_samples_leaf': 4, 'min_samples_split': 10, 'n_estimators': 100}",0.9735085265003276,0.9712488935643679,0.969232573771897,0.9713243704007425,0.9706463199657157,0.9711921368406102,0.0013801573516774837,141,0.9794705098650569,0.9785346097201767,0.9802498974945509,0.978775795618187,0.9804062514173718,0.9794874128230686,0.0007536797391173766
1.6421935558319092,0.02392713375966773,0.16348485946655272,0.013368284456396179,,sqrt,4,10,200,"{'max_depth': None, 'max_features': 'sqrt', 'min_samples_leaf': 4, 'min_samples_split': 10, 'n_estimators': 200}",0.9732025642529426,0.9716494845360825,0.9693630964570961,0.9726667095088147,0.9710680402041519,0.9715899789918175,0.0013412491686444006,41,0.9791639425073738,0.9789594622645555,0.9801757851993128,0.9789288670954596,0.9799809940471921,0.9794418102227788,0.0005296072383602005
2.463180112838745,0.12367900447944306,0.22744016647338866,0.011174513965780251,,sqrt,4,10,300,"{'max_depth': None, 'max_features': 'sqrt', 'min_samples_leaf': 4, 'min_samples_split': 10, 'n_estimators': 300}",0.9734298328405476,0.9708410764518057,0.9689670138888888,0.9722896986054881,0.9706744080980859,0.9712404059769633,0.001519390289947713,129,0.9792083305857479,0.9788745534393701,0.9802892767216315,0.9789901275777205,0.9797623307871713,0.9794249238223282,0.0005291157448712553
0.8559064388275146,0.029989546717593546,0.10735197067260742,0.023132760269895435,,log2,1,2,100,"{'max_depth': None, 'max_features': 'log2', 'min_samples_leaf': 1, 'min_samples_split': 2, 'n_estimators': 100}",0.9722665770232792,0.9709580787652107,0.970944560737176,0.9723599048402588,0.9717639265530876,0.9716586095838025,0.0006120686712088609,29,0.9825130820692852,0.9824622892717837,0.9823012501701051,0.9832317073170732,0.9829655930895033,0.9826947843835502,0.0003474370380139068
1.776905345916748,0.06734808820019174,0.16071486473083496,0.014305953178471805,,log2,1,2,200,"{'max_depth': None, 'max_features': 'log2', 'min_samples_leaf': 1, 'min_samples_split': 2, 'n_estimators': 200}",0.9713657418237963,0.9706171337669022,0.9717341482047365,0.9721027287319423,0.971077680889303,0.9713794866833361,0.0005140664321476504,111,0.9823454483695652,0.982539308382005,0.9822119316041419,0.9832317073170732,0.9828633987750749,0.9826383588895722,0.0003688232942818468
2.7161752223968505,0.09569837533415429,0.2261983871459961,0.012325895635180712,,log2,1,2,300,"{'max_depth': None, 'max_features': 'log2', 'min_samples_leaf': 1, 'min_samples_split': 2, 'n_estimators': 300}",0.9713992473486144,0.9713657418237963,0.9714019709452456,0.9714537856777308,0.9716670426347845,0.9714575576860343,0.00010846041264864444,79,0.9822825586746434,0.9824778218339615,0.9822269738196715,0.9831893081648783,0.9830926734658014,0.9826538671917913,0.00040751635938959737
0.9013518810272216,0.028148012804668464,0.10559487342834473,0.014618794334125076,,log2,1,5,100,"{'max_depth': None, 'max_features': 'log2', 'min_samples_leaf': 1, 'min_samples_split': 5, 'n_estimators': 100}",0.9723599571160547,0.9711943368573106,0.9702957099058733,0.9722508886595573,0.971672917731009,0.971554762053961,0.0007565726319452084,57,0.9822987675834535,0.9822131823936607,0.9820970788639277,0.9830246913580246,0.9826056054445801,0.9824478651287294,0.0003340561550900522
1.7256234169006348,0.03380767060707935,0.17011752128601074,0.024295637681760136,,log2,1,5,200,"{'max_depth': None, 'max_features': 'log2', 'min_samples_leaf': 1, 'min_samples_split': 5, 'n_estimators': 200}",0.9708874214024409,0.9708559782608696,0.9713780533059745,0.9710335747202107,0.971118348712074,0.971054675280314,0.00018789744661838685,157,0.9821309505791019,0.9823221193739279,0.9820505910390344,0.9828336481008878,0.9825696691643979,0.98238139565147,0.00028832179821720394
2.637177324295044,0.03956221785762294,0.21997518539428712,0.008354602825962398,,log2,1,5,300,"{'max_depth': None, 'max_features': 'log2', 'min_samples_leaf': 1, 'min_samples_split': 5, 'n_estimators': 300}",0.9716032608695652,0.9715356767988347,0.9711058827622497,0.9709842872262477,0.9714902415570587,0.9713438698427913,0.00024957395718303493,119,0.9821634802177582,0.9821957395651802,0.9820349653900181,0.9829562800825271,0.9827032013491502,0.9824107333209268,0.00035544810213627043
0.9037121295928955,0.07678222859565563,0.10802931785583496,0.018049778782991553,,log2,1,10,100,"{'max_depth': None, 'max_features': 'log2', 'min_samples_leaf': 1, 'min_samples_split': 10, 'n_estimators': 100}",0.9734207313154681,0.9724637993914413,0.9695898656215004,0.972718253968254,0.9709580787652107,0.9718301458123749,0.0013783737857219554,11,0.9811075825725344,0.9814106420400535,0.9816174414863034,0.9818362914161597,0.9818913631056781,0.9815726641241458,0.00028831420619491804
1.7244534015655517,0.04890010429843257,0.14833130836486816,0.01438482608258518,,log2,1,10,200,"{'max_depth': None, 'max_features': 'log2', 'min_samples_leaf': 1, 'min_samples_split': 10, 'n_estimators': 200}",0.9723256134546457,0.9726366969205412,0.9706096788980813,0.9720384284699638,0.9702428297384551,0.9715706494963374,0.0009603972779322681,51,0.9811817766502395,0.981518817204301,0.9816626330664951,0.9818811078729207,0.9818975270728947,0.9816283723733703,0.00026417545498813626
2.545464277267456,0.0648269060126858,0.21528377532958984,0.018283025059589793,,log2,1,10,300,"{'max_depth': None, 'max_features': 'log2', 'min_samples_leaf': 1, 'min_samples_split': 10, 'n_estimators': 300}",0.9726022658479634,0.9726366969205412,0.9706096788980813,0.971077680889303,0.9712932758076397,0.9716439196727057,0.0008267122250559102,31,0.9812204695801051,0.9814106420400535,0.9816174414863034,0.981892532308189,0.9821048603421151,0.9816491891513532,0.0003189248298222807
0.9131122589111328,0.053873591390595665,0.10371212959289551,0.013022426595446359,,log2,2,2,100,"{'max_depth': None, 'max_features': 'log2', 'min_samples_leaf': 2, 'min_samples_split': 2, 'n_estimators': 100}",0.9716723608082821,0.9723597735061064,0.9707231792226768,0.9724415289017818,0.9706171337669022,0.9715627952411499,0.0007769919558135162,55,0.9812058563661692,0.9817537674778692,0.9816174414863034,0.9823843702170759,0.9819915658932953,0.9817906002881426,0.0003914628932125589
1.737194013595581,0.057136467942083005,0.1623386859893799,0.008558028194824987,,log2,2,2,200,"{'max_depth': None, 'max_features': 'log2', 'min_samples_leaf': 2, 'min_samples_split': 2, 'n_estimators': 200}",0.9715674110835401,0.9726667095088147,0.9699896591934172,0.9722508886595573,0.9705857464416877,0.9714120829774033,0.0010007927875238956,97,0.9812414855756589,0.9817537674778692,0.9814659596305165,0.9823221193739279,0.9819423590284856,0.9817451382172916,0.00037509583691551794
2.6075720310211183,0.06209992476133413,0.2198164463043213,0.008711578359927056,,log2,2,2,300,"{'max_depth': None, 'max_features': 'log2', 'min_samples_leaf': 2, 'min_samples_split': 2, 'n_estimators': 300}",0.9722896986054881,0.9726667095088147,0.9702425913889718,0.9719754376796447,0.9706874451865345,0.9715723764738907,0.0009408513084227357,47,0.9813292666115246,0.9817925894638441,0.9815712354822991,0.9823765020026703,0.982040160788093,0.9818219508696862,0.00036375832731389154
0.8860673427581787,0.03367942203763089,0.10700087547302246,0.008970299442770165,,log2,2,5,100,"{'max_depth': None, 'max_features': 'log2', 'min_samples_leaf': 2, 'min_samples_split': 5, 'n_estimators': 100}",0.9725856697819314,0.9724637993914413,0.9697228687012127,0.9723034768763655,0.9705857464416877,0.9715323122385277,0.0011612061015529047,67,0.9814774504211403,0.9817202728325499,0.9815981657608696,0.9824850963457331,0.9820810235536546,0.9818724017827896,0.0003669476425942949
1.7803472995758056,0.09671333623013906,0.1663297176361084,0.0126384203683878,,log2,2,5,200,"{'max_depth': None, 'max_features': 'log2', 'min_samples_leaf': 2, 'min_samples_split': 5, 'n_estimators': 200}",0.9723900061042503,0.9714885863018227,0.970376889397373,0.9722508886595573,0.9704176821581646,0.9713848105242336,0.0008628465885674503,105,0.9812519166106254,0.9816524388125051,0.9815655265989799,0.9823065515149537,0.9820652173913044,0.9817683301856736,0.0003739163804392906
2.6061376571655273,0.03921253013642008,0.2248687744140625,0.032229920696809675,,log2,2,5,300,"{'max_depth': None, 'max_features': 'log2', 'min_samples_leaf': 2, 'min_samples_split': 5, 'n_estimators': 300}",0.972014359928798,0.9725661015054244,0.9704942605814367,0.972334726940162,0.9707874611311875,0.9716393820174017,0.0008390463997418997,35,0.9812905786814325,0.981737055100135,0.9816591026060918,0.9822594565123438,0.9820810235536546,0.9818054432907315,0.0003386002342627605
0.8347303867340088,0.04723274139811234,0.10133242607116699,0.01618600616832233,,log2,2,10,100,"{'max_depth': None, 'max_features': 'log2', 'min_samples_leaf': 2, 'min_samples_split': 10, 'n_estimators': 100}",0.9730838158257513,0.9725306149178145,0.9695898656215004,0.9728191000918273,0.9712630675778932,0.9718572928069573,0.0012943820377334485,7,0.9807426747458893,0.9811491788151695,0.9813671237720564,0.9811607625534027,0.981565175927253,0.9811969831627542,0.0002736812249998518
1.6304990291595458,0.03260092097773041,0.15395450592041016,0.020735255667733217,,log2,2,10,200,"{'max_depth': None, 'max_features': 'log2', 'min_samples_leaf': 2, 'min_samples_split': 10, 'n_estimators': 200}",0.9729827899334084,0.9728395061728395,0.9701085646413247,0.9728191000918273,0.9705882352941176,0.9718676392267035,0.0012509661911626617,3,0.9806903314853518,0.9809400922759659,0.9812629508144495,0.9813331037574254,0.9813012581105034,0.9811055472887393,0.00025085456612828933
2.5168991565704344,0.05635175247438784,0.21070246696472167,0.016441601829783152,,log2,2,10,300,"{'max_depth': None, 'max_features': 'log2', 'min_samples_leaf': 2, 'min_samples_split': 10, 'n_estimators': 300}",0.9728436090550078,0.9727002706211084,0.9698561315368806,0.9717171717171716,0.9704301075268816,0.97150945809141,0.0011949581216044846,75,0.9807835336850298,0.9807506254849617,0.9813671237720564,0.9814281006848685,0.9814584686036661,0.9811575704461166,0.0003203581145411967
0.8095420837402344,0.021802346730495522,0.08827848434448242,0.0066217575630155715,,log2,4,2,100,"{'max_depth': None, 'max_features': 'log2', 'min_samples_leaf': 4, 'min_samples_split': 2, 'n_estimators': 100}",0.9726425686284158,0.9718898247871574,0.969219440353461,0.9713243704007425,0.9709322049029585,0.9712016818145471,0.0011460058521878852,133,0.9791593822436954,0.9790583002124847,0.9802911158259321,0.9790356725509346,0.9800054430123585,0.9795099827690811,0.0005305766200175444
1.6224530696868897,0.0379844010668827,0.15888099670410155,0.020187443285984596,,log2,4,2,200,"{'max_depth': None, 'max_features': 'log2', 'min_samples_leaf': 4, 'min_samples_split': 2, 'n_estimators': 200}",0.9729218606113693,0.9716494845360825,0.9694845665883746,0.9721518987341772,0.9710526315789473,0.9714520884097901,0.0011592789071472227,83,0.9792959864178808,0.9791508282530251,0.9801946312271328,0.9791416068585873,0.9801424302510683,0.9795850966015388,0.00047979372768192216
2.486496829986572,0.11969053393401376,0.20399127006530762,0.01376737837349093,,log2,4,2,300,"{'max_depth': None, 'max_features': 'log2', 'min_samples_leaf': 4, 'min_samples_split': 2, 'n_estimators': 300}",0.9735085265003276,0.9716494845360825,0.9693518403195823,0.972627021867703,0.9711886678990623,0.9716651082245515,0.0014072609338641072,21,0.9795991831000558,0.9791350295530629,0.9803679803679803,0.9792245402249101,0.9800231706171525,0.9796699807726323,0.00046937168655434273
0.8070527076721191,0.03716579448261085,0.10670700073242187,0.01885086412209906,,log2,4,5,100,"{'max_depth': None, 'max_features': 'log2', 'min_samples_leaf': 4, 'min_samples_split': 5, 'n_estimators': 100}",0.9726425686284158,0.9718898247871574,0.969219440353461,0.9713243704007425,0.9709322049029585,0.9712016818145471,0.0011460058521878852,133,0.9791593822436954,0.9790583002124847,0.9802911158259321,0.9790356725509346,0.9800054430123585,0.9795099827690811,0.0005305766200175444
1.61403431892395,0.056088718846446846,0.17020778656005858,0.0261926632134961,,log2,4,5,200,"{'max_depth': None, 'max_features': 'log2', 'min_samples_leaf': 4, 'min_samples_split': 5, 'n_estimators': 200}",0.9729218606113693,0.9716494845360825,0.9694845665883746,0.9721518987341772,0.9710526315789473,0.9714520884097901,0.0011592789071472227,83,0.9792959864178808,0.9791508282530251,0.9801946312271328,0.9791416068585873,0.9801424302510683,0.9795850966015388,0.00047979372768192216
2.475535249710083,0.03716655160509958,0.228302001953125,0.010227672487620857,,log2,4,5,300,"{'max_depth': None, 'max_features': 'log2', 'min_samples_leaf': 4, 'min_samples_split': 5, 'n_estimators': 300}",0.9735085265003276,0.9716494845360825,0.9693518403195823,0.972627021867703,0.9711886678990623,0.9716651082245515,0.0014072609338641072,21,0.9795991831000558,0.9791350295530629,0.9803679803679803,0.9792245402249101,0.9800231706171525,0.9796699807726323,0.00046937168655434273
0.8390593528747559,0.04696560957459416,0.09037942886352539,0.028259514012704497,,log2,4,10,100,"{'max_depth': None, 'max_features': 'log2', 'min_samples_leaf': 4, 'min_samples_split': 10, 'n_estimators': 100}",0.9735085265003276,0.9712488935643679,0.969232573771897,0.9713243704007425,0.9706463199657157,0.9711921368406102,0.0013801573516774837,141,0.9794705098650569,0.9785346097201767,0.9802498974945509,0.978775795618187,0.9804062514173718,0.9794874128230686,0.0007536797391173766
1.6295098304748534,0.029868729215091844,0.16024346351623536,0.025986269138289577,,log2,4,10,200,"{'max_depth': None, 'max_features': 'log2', 'min_samples_leaf': 4, 'min_samples_split': 10, 'n_estimators': 200}",0.9732025642529426,0.9716494845360825,0.9693630964570961,0.9726667095088147,0.9710680402041519,0.9715899789918175,0.0013412491686444006,41,0.9791639425073738,0.9789594622645555,0.9801757851993128,0.9789288670954596,0.9799809940471921,0.9794418102227788,0.0005296072383602005
2.4234382629394533,0.09419968827783531,0.20398836135864257,0.02464492400412071,,log2,4,10,300,"{'max_depth': None, 'max_features': 'log2', 'min_samples_leaf': 4, 'min_samples_split': 10, 'n_estimators': 300}",0.9734298328405476,0.9708410764518057,0.9689670138888888,0.9722896986054881,0.9706744080980859,0.9712404059769633,0.001519390289947713,129,0.9792083305857479,0.9788745534393701,0.9802892767216315,0.9789901275777205,0.9797623307871713,0.9794249238223282,0.0005291157448712553
0.7883793354034424,0.028047721395066796,0.08694047927856445,0.009795389825169544,10,sqrt,1,2,100,"{'max_depth': 10, 'max_features': 'sqrt', 'min_samples_leaf': 1, 'min_samples_split': 2, 'n_estimators': 100}",0.9576551765880822,0.9615853804386826,0.9624110109159943,0.9609517853420293,0.9623550602274006,0.9609916827024378,0.0017526912281342296,187,0.9617104310440044,0.96020748865344,0.9610885929357268,0.9616402651387485,0.9655117874383965,0.9620317130420633,0.0018212436159023042
1.54645676612854,0.029726876489990645,0.14547019004821776,0.014372318707497903,10,sqrt,1,2,200,"{'max_depth': 10, 'max_features': 'sqrt', 'min_samples_leaf': 1, 'min_samples_split': 2, 'n_estimators': 200}",0.9579370526522207,0.9615853804386826,0.9629906542056075,0.9611669138263318,0.9623550602274006,0.9612070122700487,0.0017513879595973695,173,0.9609830271802235,0.96020748865344,0.9629331114061719,0.9614583532881612,0.9651417101294966,0.9621447381314987,0.0017422402592476808
2.1585765361785887,0.03447288289563968,0.19626474380493164,0.009495441532173207,10,sqrt,1,2,300,"{'max_depth': 10, 'max_features': 'sqrt', 'min_samples_leaf': 1, 'min_samples_split': 2, 'n_estimators': 300}",0.9579370526522207,0.9615853804386826,0.9629906542056075,0.9608510123172835,0.9624681538557137,0.9611664506939016,0.001773480464268475,179,0.9609830271802235,0.96020748865344,0.9628194290011529,0.9610366736953422,0.965016697985669,0.9620126633031655,0.001728956739851575
0.7601548671722412,0.03242635512066945,0.09651069641113282,0.01780095029352353,10,sqrt,1,5,100,"{'max_depth': 10, 'max_features': 'sqrt', 'min_samples_leaf': 1, 'min_samples_split': 5, 'n_estimators': 100}",0.957038684958596,0.9615853804386826,0.9631060788188316,0.9611669138263318,0.9623550602274006,0.9610504236539686,0.0021128933161559645,183,0.9600735071337546,0.9603153690110212,0.9622701519990112,0.9618208286615597,0.9651417101294966,0.9619243133869688,0.001816377770433828
1.4539806365966796,0.044619137636791595,0.134110164642334,0.00823295857233073,10,sqrt,1,5,200,"{'max_depth': 10, 'max_features': 'sqrt', 'min_samples_leaf': 1, 'min_samples_split': 5, 'n_estimators': 200}",0.957038684958596,0.9615853804386826,0.963933392565418,0.9612750771604938,0.9623550602274006,0.9612375190701181,0.002292128189209951,171,0.9600993553485418,0.9603153690110212,0.963881331704877,0.9611424575617283,0.9651417101294966,0.9621160447511329,0.002026239388315712
2.2440138339996336,0.04668657644500692,0.20023183822631835,0.012834748204256737,10,sqrt,1,5,300,"{'max_depth': 10, 'max_features': 'sqrt', 'min_samples_leaf': 1, 'min_samples_split': 5, 'n_estimators': 300}",0.9579370526522207,0.9615853804386826,0.963933392565418,0.9608510123172835,0.9623550602274006,0.961332379640201,0.001981671672073501,165,0.9609830271802235,0.96020748865344,0.9635930108469991,0.9610366736953422,0.9651417101294966,0.9621923821011003,0.0018653846758926477
0.7400312900543213,0.012905753224244454,0.09220976829528808,0.0054278996610716,10,sqrt,1,10,100,"{'max_depth': 10, 'max_features': 'sqrt', 'min_samples_leaf': 1, 'min_samples_split': 10, 'n_estimators': 100}",0.957038684958596,0.9615853804386826,0.9614759224515321,0.9608510123172835,0.962130018778503,0.9606162037889195,0.0018343299270463763,195,0.9600735071337546,0.9600993553485418,0.9610616982619673,0.9609306455534297,0.966120681867143,0.9616571776329673,0.0022689264911987294
1.4727485179901123,0.017100584817618048,0.14139680862426757,0.012926366483561982,10,sqrt,1,10,200,"{'max_depth': 10, 'max_features': 'sqrt', 'min_samples_leaf': 1, 'min_samples_split': 10, 'n_estimators': 200}",0.9579370526522207,0.9615853804386826,0.9635459817729909,0.9608510123172835,0.9624681538557137,0.9612775162073783,0.0018973105570002085,169,0.9609830271802235,0.96020748865344,0.9635930108469991,0.9609306455534297,0.9653889320434716,0.9622206208555127,0.0019580615782247533
2.2550018310546873,0.08142880384501973,0.20518841743469238,0.012870425926430644,10,sqrt,1,10,300,"{'max_depth': 10, 'max_features': 'sqrt', 'min_samples_leaf': 1, 'min_samples_split': 10, 'n_estimators': 300}",0.9579370526522207,0.9615853804386826,0.9635459817729909,0.9608510123172835,0.9620827285921626,0.961200431154668,0.001854722361796602,175,0.9609830271802235,0.9600993553485418,0.9635930108469991,0.9609306455534297,0.9649209138093456,0.9621053905477079,0.0018332532799497311
0.7817459583282471,0.06060463624095584,0.08120098114013671,0.018353050983526485,10,sqrt,2,2,100,"{'max_depth': 10, 'max_features': 'sqrt', 'min_samples_leaf': 2, 'min_samples_split': 2, 'n_estimators': 100}",0.9579370526522207,0.9599909680647859,0.9622982691478109,0.9611669138263318,0.9623550602274006,0.9607496527837099,0.0016514220831447346,191,0.9610885929357268,0.9594703511801957,0.9610885929357268,0.9614583532881612,0.9654195509683023,0.9617050882616226,0.0019805198379844904
1.4961506843566894,0.02232549952492579,0.14064412117004393,0.006726293687503504,10,sqrt,2,2,200,"{'max_depth': 10, 'max_features': 'sqrt', 'min_samples_leaf': 2, 'min_samples_split': 2, 'n_estimators': 200}",0.9579370526522207,0.9615853804386826,0.9632712685788486,0.9612750771604938,0.9624681538557137,0.9613073865371918,0.001824373231691556,167,0.9603968060324596,0.9600993553485418,0.9632422219286324,0.9613532963851436,0.965016697985669,0.9620216755360893,0.0018569943169828942
2.211110830307007,0.043843435064898385,0.20637187957763672,0.022585455846761686,10,sqrt,2,2,300,"{'max_depth': 10, 'max_features': 'sqrt', 'min_samples_leaf': 2, 'min_samples_split': 2, 'n_estimators': 300}",0.9579370526522207,0.9615853804386826,0.963933392565418,0.9608510123172835,0.9624681538557137,0.9613549983658636,0.0019938235895348684,163,0.9609830271802235,0.9600993553485418,0.9634385534673221,0.9610366736953422,0.965016697985669,0.9621148615354198,0.0018263963605973004
0.7771883487701416,0.035596054761986684,0.08592939376831055,0.01042826450935615,10,sqrt,2,5,100,"{'max_depth': 10, 'max_features': 'sqrt', 'min_samples_leaf': 2, 'min_samples_split': 5, 'n_estimators': 100}",0.9579370526522207,0.959554858319443,0.9627039627039626,0.9611669138263318,0.9623550602274006,0.9607435695458719,0.0017837508449852731,193,0.9610885929357268,0.9591394049017468,0.9616618947940087,0.9614583532881612,0.9655117874383965,0.961772006671608,0.002073360058805265
1.5508159160614015,0.028096186289906278,0.14490833282470703,0.008174593102857623,10,sqrt,2,5,200,"{'max_depth': 10, 'max_features': 'sqrt', 'min_samples_leaf': 2, 'min_samples_split': 5, 'n_estimators': 200}",0.9588185243709736,0.9615853804386826,0.9624766355140187,0.9608510123172835,0.9619710433107563,0.9611405191903429,0.0012765855119013703,181,0.9612989991534531,0.9600993553485418,0.9629461310504742,0.9609306455534297,0.9651417101294966,0.9620833682470791,0.0017876311918135312
2.178438663482666,0.0374062432698466,0.21748027801513672,0.030048283431872495,10,sqrt,2,5,300,"{'max_depth': 10, 'max_features': 'sqrt', 'min_samples_leaf': 2, 'min_samples_split': 5, 'n_estimators': 300}",0.9579370526522207,0.9615853804386826,0.9628756800791365,0.9608510123172835,0.9619710433107563,0.961044033759616,0.0016851065280014785,185,0.9609830271802235,0.9600993553485418,0.9626185091643419,0.9609306455534297,0.9651417101294966,0.9619546494752067,0.0017906878853301811
0.7469822883605957,0.03709903374365146,0.09172406196594238,0.010150663825081275,10,sqrt,2,10,100,"{'max_depth': 10, 'max_features': 'sqrt', 'min_samples_leaf': 2, 'min_samples_split': 10, 'n_estimators': 100}",0.9556582101790823,0.9615853804386826,0.9625900799211928,0.9608510123172835,0.9620827285921626,0.9605534822896807,0.0025140943144749822,197,0.959856709568359,0.9599909680647859,0.9622701519990112,0.9609306455534297,0.965016697985669,0.9616130346342511,0.0019077819577371315
1.482776975631714,0.047519663356558946,0.14342565536499025,0.014123246464229964,10,sqrt,2,10,200,"{'max_depth': 10, 'max_features': 'sqrt', 'min_samples_leaf': 2, 'min_samples_split': 10, 'n_estimators': 200}",0.9565829894188104,0.9615853804386826,0.9635459817729909,0.9608510123172835,0.9619710433107563,0.9609072814517047,0.002334815398086587,189,0.9607711655092798,0.9599909680647859,0.9635930108469991,0.9609306455534297,0.9651417101294966,0.9620855000207982,0.0019524977481856008
2.255669116973877,0.07380936410232183,0.20086870193481446,0.01946218843033646,10,sqrt,2,10,300,"{'max_depth': 10, 'max_features': 'sqrt', 'min_samples_leaf': 2, 'min_samples_split': 10, 'n_estimators': 300}",0.9579370526522207,0.9615853804386826,0.9635459817729909,0.9608510123172835,0.9620827285921626,0.961200431154668,0.001854722361796602,175,0.9609830271802235,0.9600993553485418,0.9635930108469991,0.9609306455534297,0.965016697985669,0.9621245473829726,0.0018628361593038718
0.7601168632507325,0.021991412081806418,0.08504753112792969,0.015282303347178972,10,sqrt,4,2,100,"{'max_depth': 10, 'max_features': 'sqrt', 'min_samples_leaf': 4, 'min_samples_split': 2, 'n_estimators': 100}",0.9565829894188104,0.959554858319443,0.9614759224515321,0.9604229974474293,0.9608274417386751,0.959772841875178,0.0017121940377035347,213,0.9607711655092798,0.9588060808305524,0.9609830271802235,0.9606110855921989,0.9634461479265016,0.9609235014077513,0.0014813216088795345
1.444550132751465,0.013410058839435138,0.13429684638977052,0.014370031575485344,10,sqrt,4,2,200,"{'max_depth': 10, 'max_features': 'sqrt', 'min_samples_leaf': 4, 'min_samples_split': 2, 'n_estimators': 200}",0.9565829894188104,0.9615853804386826,0.961059152773459,0.9608510123172835,0.9610420832282767,0.9602241236353024,0.0018368559793387762,201,0.9607711655092798,0.9605303749834461,0.9606648676320244,0.9609306455534297,0.9626597889835309,0.961111368532342,0.0007852288002245877
2.1704683780670164,0.04513301552711038,0.18474035263061522,0.008123498851284985,10,sqrt,4,2,300,"{'max_depth': 10, 'max_features': 'sqrt', 'min_samples_leaf': 4, 'min_samples_split': 2, 'n_estimators': 300}",0.9565829894188104,0.9615853804386826,0.9620740810235541,0.9608510123172835,0.9596836419753086,0.960155421034728,0.0019593228633056838,207,0.9607711655092798,0.9599909680647859,0.9624045519519756,0.9607178524952334,0.9615357942257958,0.9610840664494141,0.0008215380311927443
0.7718904972076416,0.03714025063054868,0.08340301513671874,0.013876036008489545,10,sqrt,4,5,100,"{'max_depth': 10, 'max_features': 'sqrt', 'min_samples_leaf': 4, 'min_samples_split': 5, 'n_estimators': 100}",0.9565829894188104,0.959554858319443,0.9614759224515321,0.9604229974474293,0.9608274417386751,0.959772841875178,0.0017121940377035347,213,0.9607711655092798,0.9588060808305524,0.9609830271802235,0.9606110855921989,0.9634461479265016,0.9609235014077513,0.0014813216088795345
1.4610407829284668,0.020582394593241612,0.1422206401824951,0.009159226674921193,10,sqrt,4,5,200,"{'max_depth': 10, 'max_features': 'sqrt', 'min_samples_leaf': 4, 'min_samples_split': 5, 'n_estimators': 200}",0.9565829894188104,0.9615853804386826,0.961059152773459,0.9608510123172835,0.9610420832282767,0.9602241236353024,0.0018368559793387762,201,0.9607711655092798,0.9605303749834461,0.9606648676320244,0.9609306455534297,0.9626597889835309,0.961111368532342,0.0007852288002245877
2.1699270725250246,0.04415117582593126,0.20003676414489746,0.016951165002176454,10,sqrt,4,5,300,"{'max_depth': 10, 'max_features': 'sqrt', 'min_samples_leaf': 4, 'min_samples_split': 5, 'n_estimators': 300}",0.9565829894188104,0.9615853804386826,0.9620740810235541,0.9608510123172835,0.9596836419753086,0.960155421034728,0.0019593228633056838,207,0.9607711655092798,0.9599909680647859,0.9624045519519756,0.9607178524952334,0.9615357942257958,0.9610840664494141,0.0008215380311927443
0.7419930934906006,0.027439311765296563,0.07910447120666504,0.01330203354385006,10,sqrt,4,10,100,"{'max_depth': 10, 'max_features': 'sqrt', 'min_samples_leaf': 4, 'min_samples_split': 10, 'n_estimators': 100}",0.9556582101790823,0.959554858319443,0.9614759224515321,0.9608510123172835,0.9620827285921626,0.9599245463719006,0.002291774471912269,211,0.959856709568359,0.9586944392999799,0.9614811212226076,0.9609306455534297,0.9648267416545719,0.9611579314597897,0.002067764531253075
1.473056936264038,0.09173291421417397,0.1466991424560547,0.008760260109150793,10,sqrt,4,10,200,"{'max_depth': 10, 'max_features': 'sqrt', 'min_samples_leaf': 4, 'min_samples_split': 10, 'n_estimators': 200}",0.9565829894188104,0.9615853804386826,0.961059152773459,0.9608510123172835,0.9610144527294486,0.9602185975355368,0.0018344268280084302,205,0.9607711655092798,0.9600993553485418,0.9610616982619673,0.9609306455534297,0.9646338039610254,0.9614993337268487,0.0016018740962043464
2.198198080062866,0.07974287900539037,0.20211334228515626,0.020579205836234456,10,sqrt,4,10,300,"{'max_depth': 10, 'max_features': 'sqrt', 'min_samples_leaf': 4, 'min_samples_split': 10, 'n_estimators': 300}",0.9565829894188104,0.9599909680647859,0.9620740810235541,0.9608510123172835,0.9620827285921626,0.9603163558833193,0.0020267920519041385,199,0.9607711655092798,0.9592499830772354,0.9625049560125339,0.9609306455534297,0.9649209138093456,0.9616755327923648,0.0019223147206190033
0.7562792301177979,0.02823225521905926,0.08346524238586425,0.011605163056240554,10,log2,1,2,100,"{'max_depth': 10, 'max_features': 'log2', 'min_samples_leaf': 1, 'min_samples_split': 2, 'n_estimators': 100}",0.9576551765880822,0.9615853804386826,0.9624110109159943,0.9609517853420293,0.9623550602274006,0.9609916827024378,0.0017526912281342296,187,0.9617104310440044,0.96020748865344,0.9610885929357268,0.9616402651387485,0.9655117874383965,0.9620317130420633,0.0018212436159023042
1.4645617008209229,0.05839712014656898,0.1358665943145752,0.007513641994523641,10,log2,1,2,200,"{'max_depth': 10, 'max_features': 'log2', 'min_samples_leaf': 1, 'min_samples_split': 2, 'n_estimators': 200}",0.9579370526522207,0.9615853804386826,0.9629906542056075,0.9611669138263318,0.9623550602274006,0.9612070122700487,0.0017513879595973695,173,0.9609830271802235,0.96020748865344,0.9629331114061719,0.9614583532881612,0.9651417101294966,0.9621447381314987,0.0017422402592476808
2.220634174346924,0.07235896618304248,0.20376029014587402,0.009998174910159766,10,log2,1,2,300,"{'max_depth': 10, 'max_features': 'log2', 'min_samples_leaf': 1, 'min_samples_split': 2, 'n_estimators': 300}",0.9579370526522207,0.9615853804386826,0.9629906542056075,0.9608510123172835,0.9624681538557137,0.9611664506939016,0.001773480464268475,179,0.9609830271802235,0.96020748865344,0.9628194290011529,0.9610366736953422,0.965016697985669,0.9620126633031655,0.001728956739851575
0.7867189884185791,0.04926606761777423,0.08204255104064942,0.009807586679890758,10,log2,1,5,100,"{'max_depth': 10, 'max_features': 'log2', 'min_samples_leaf': 1, 'min_samples_split': 5, 'n_estimators': 100}",0.957038684958596,0.9615853804386826,0.9631060788188316,0.9611669138263318,0.9623550602274006,0.9610504236539686,0.0021128933161559645,183,0.9600735071337546,0.9603153690110212,0.9622701519990112,0.9618208286615597,0.9651417101294966,0.9619243133869688,0.001816377770433828
1.484699535369873,0.040406273490390526,0.13398232460021972,0.009559703370773996,10,log2,1,5,200,"{'max_depth': 10, 'max_features': 'log2', 'min_samples_leaf': 1, 'min_samples_split': 5, 'n_estimators': 200}",0.957038684958596,0.9615853804386826,0.963933392565418,0.9612750771604938,0.9623550602274006,0.9612375190701181,0.002292128189209951,171,0.9600993553485418,0.9603153690110212,0.963881331704877,0.9611424575617283,0.9651417101294966,0.9621160447511329,0.002026239388315712
2.2008628845214844,0.02603811899588955,0.1912198543548584,0.014926390221911867,10,log2,1,5,300,"{'max_depth': 10, 'max_features': 'log2', 'min_samples_leaf': 1, 'min_samples_split': 5, 'n_estimators': 300}",0.9579370526522207,0.9615853804386826,0.963933392565418,0.9608510123172835,0.9623550602274006,0.961332379640201,0.001981671672073501,165,0.9609830271802235,0.96020748865344,0.9635930108469991,0.9610366736953422,0.9651417101294966,0.9621923821011003,0.0018653846758926477
0.7671832084655762,0.00652215611984806,0.08545775413513183,0.011763999190947018,10,log2,1,10,100,"{'max_depth': 10, 'max_features': 'log2', 'min_samples_leaf': 1, 'min_samples_split': 10, 'n_estimators': 100}",0.957038684958596,0.9615853804386826,0.9614759224515321,0.9608510123172835,0.962130018778503,0.9606162037889195,0.0018343299270463763,195,0.9600735071337546,0.9600993553485418,0.9610616982619673,0.9609306455534297,0.966120681867143,0.9616571776329673,0.0022689264911987294
1.5281354904174804,0.03801565653341921,0.14056577682495117,0.016875724761076627,10,log2,1,10,200,"{'max_depth': 10, 'max_features': 'log2', 'min_samples_leaf': 1, 'min_samples_split': 10, 'n_estimators': 200}",0.9579370526522207,0.9615853804386826,0.9635459817729909,0.9608510123172835,0.9624681538557137,0.9612775162073783,0.0018973105570002085,169,0.9609830271802235,0.96020748865344,0.9635930108469991,0.9609306455534297,0.9653889320434716,0.9622206208555127,0.0019580615782247533
2.2272506237030028,0.07115248263200381,0.20501012802124025,0.01779702761486584,10,log2,1,10,300,"{'max_depth': 10, 'max_features': 'log2', 'min_samples_leaf': 1, 'min_samples_split': 10, 'n_estimators': 300}",0.9579370526522207,0.9615853804386826,0.9635459817729909,0.9608510123172835,0.9620827285921626,0.961200431154668,0.001854722361796602,175,0.9609830271802235,0.9600993553485418,0.9635930108469991,0.9609306455534297,0.9649209138093456,0.9621053905477079,0.0018332532799497311
0.7523853778839111,0.06832034644849257,0.08372445106506347,0.01674454962370765,10,log2,2,2,100,"{'max_depth': 10, 'max_features': 'log2', 'min_samples_leaf': 2, 'min_samples_split': 2, 'n_estimators': 100}",0.9579370526522207,0.9599909680647859,0.9622982691478109,0.9611669138263318,0.9623550602274006,0.9607496527837099,0.0016514220831447346,191,0.9610885929357268,0.9594703511801957,0.9610885929357268,0.9614583532881612,0.9654195509683023,0.9617050882616226,0.0019805198379844904
1.505076789855957,0.013298745916166926,0.1478734493255615,0.015695899424859803,10,log2,2,2,200,"{'max_depth': 10, 'max_features': 'log2', 'min_samples_leaf': 2, 'min_samples_split': 2, 'n_estimators': 200}",0.9579370526522207,0.9615853804386826,0.9632712685788486,0.9612750771604938,0.9624681538557137,0.9613073865371918,0.001824373231691556,167,0.9603968060324596,0.9600993553485418,0.9632422219286324,0.9613532963851436,0.965016697985669,0.9620216755360893,0.0018569943169828942
2.266691541671753,0.047542016132968865,0.18247733116149903,0.008768697803456455,10,log2,2,2,300,"{'max_depth': 10, 'max_features': 'log2', 'min_samples_leaf': 2, 'min_samples_split': 2, 'n_estimators': 300}",0.9579370526522207,0.9615853804386826,0.963933392565418,0.9608510123172835,0.9624681538557137,0.9613549983658636,0.0019938235895348684,163,0.9609830271802235,0.9600993553485418,0.9634385534673221,0.9610366736953422,0.965016697985669,0.9621148615354198,0.0018263963605973004
0.7841558933258057,0.048189239771168936,0.07810506820678711,0.0024561983921829785,10,log2,2,5,100,"{'max_depth': 10, 'max_features': 'log2', 'min_samples_leaf': 2, 'min_samples_split': 5, 'n_estimators': 100}",0.9579370526522207,0.959554858319443,0.9627039627039626,0.9611669138263318,0.9623550602274006,0.9607435695458719,0.0017837508449852731,193,0.9610885929357268,0.9591394049017468,0.9616618947940087,0.9614583532881612,0.9655117874383965,0.961772006671608,0.002073360058805265
1.4644503116607666,0.03273240252452098,0.13820853233337402,0.007952969238036928,10,log2,2,5,200,"{'max_depth': 10, 'max_features': 'log2', 'min_samples_leaf': 2, 'min_samples_split': 5, 'n_estimators': 200}",0.9588185243709736,0.9615853804386826,0.9624766355140187,0.9608510123172835,0.9619710433107563,0.9611405191903429,0.0012765855119013703,181,0.9612989991534531,0.9600993553485418,0.9629461310504742,0.9609306455534297,0.9651417101294966,0.9620833682470791,0.0017876311918135312
2.2279061794281008,0.06280863103114281,0.1940948486328125,0.0071854565760472305,10,log2,2,5,300,"{'max_depth': 10, 'max_features': 'log2', 'min_samples_leaf': 2, 'min_samples_split': 5, 'n_estimators': 300}",0.9579370526522207,0.9615853804386826,0.9628756800791365,0.9608510123172835,0.9619710433107563,0.961044033759616,0.0016851065280014785,185,0.9609830271802235,0.9600993553485418,0.9626185091643419,0.9609306455534297,0.9651417101294966,0.9619546494752067,0.0017906878853301811
0.819690465927124,0.03591511608058228,0.0944244384765625,0.0077065119849188835,10,log2,2,10,100,"{'max_depth': 10, 'max_features': 'log2', 'min_samples_leaf': 2, 'min_samples_split': 10, 'n_estimators': 100}",0.9556582101790823,0.9615853804386826,0.9625900799211928,0.9608510123172835,0.9620827285921626,0.9605534822896807,0.0025140943144749822,197,0.959856709568359,0.9599909680647859,0.9622701519990112,0.9609306455534297,0.965016697985669,0.9616130346342511,0.0019077819577371315
1.531623411178589,0.052099851957344255,0.13081865310668944,0.014551782520922056,10,log2,2,10,200,"{'max_depth': 10, 'max_features': 'log2', 'min_samples_leaf': 2, 'min_samples_split': 10, 'n_estimators': 200}",0.9565829894188104,0.9615853804386826,0.9635459817729909,0.9608510123172835,0.9619710433107563,0.9609072814517047,0.002334815398086587,189,0.9607711655092798,0.9599909680647859,0.9635930108469991,0.9609306455534297,0.9651417101294966,0.9620855000207982,0.0019524977481856008
2.2419649600982665,0.07583046659184407,0.18665614128112792,0.009600795028834213,10,log2,2,10,300,"{'max_depth': 10, 'max_features': 'log2', 'min_samples_leaf': 2, 'min_samples_split': 10, 'n_estimators': 300}",0.9579370526522207,0.9615853804386826,0.9635459817729909,0.9608510123172835,0.9620827285921626,0.961200431154668,0.001854722361796602,175,0.9609830271802235,0.9600993553485418,0.9635930108469991,0.9609306455534297,0.965016697985669,0.9621245473829726,0.0018628361593038718
0.7845861911773682,0.01058566406004886,0.0805809497833252,0.005662607614181528,10,log2,4,2,100,"{'max_depth': 10, 'max_features': 'log2', 'min_samples_leaf': 4, 'min_samples_split': 2, 'n_estimators': 100}",0.9565829894188104,0.959554858319443,0.9614759224515321,0.9604229974474293,0.9608274417386751,0.959772841875178,0.0017121940377035347,213,0.9607711655092798,0.9588060808305524,0.9609830271802235,0.9606110855921989,0.9634461479265016,0.9609235014077513,0.0014813216088795345
1.5393512725830079,0.08614786909483754,0.15294575691223145,0.014566292743611983,10,log2,4,2,200,"{'max_depth': 10, 'max_features': 'log2', 'min_samples_leaf': 4, 'min_samples_split': 2, 'n_estimators': 200}",0.9565829894188104,0.9615853804386826,0.961059152773459,0.9608510123172835,0.9610420832282767,0.9602241236353024,0.0018368559793387762,201,0.9607711655092798,0.9605303749834461,0.9606648676320244,0.9609306455534297,0.9626597889835309,0.961111368532342,0.0007852288002245877
2.232944869995117,0.0901112882053995,0.20013580322265626,0.024485884136556987,10,log2,4,2,300,"{'max_depth': 10, 'max_features': 'log2', 'min_samples_leaf': 4, 'min_samples_split': 2, 'n_estimators': 300}",0.9565829894188104,0.9615853804386826,0.9620740810235541,0.9608510123172835,0.9596836419753086,0.960155421034728,0.0019593228633056838,207,0.9607711655092798,0.9599909680647859,0.9624045519519756,0.9607178524952334,0.9615357942257958,0.9610840664494141,0.0008215380311927443
0.7834342002868653,0.030063367911120305,0.09797086715698242,0.01448705527589319,10,log2,4,5,100,"{'max_depth': 10, 'max_features': 'log2', 'min_samples_leaf': 4, 'min_samples_split': 5, 'n_estimators': 100}",0.9565829894188104,0.959554858319443,0.9614759224515321,0.9604229974474293,0.9608274417386751,0.959772841875178,0.0017121940377035347,213,0.9607711655092798,0.9588060808305524,0.9609830271802235,0.9606110855921989,0.9634461479265016,0.9609235014077513,0.0014813216088795345
1.4686078071594237,0.05344723127746697,0.13684921264648436,0.011628599903786419,10,log2,4,5,200,"{'max_depth': 10, 'max_features': 'log2', 'min_samples_leaf': 4, 'min_samples_split': 5, 'n_estimators': 200}",0.9565829894188104,0.9615853804386826,0.961059152773459,0.9608510123172835,0.9610420832282767,0.9602241236353024,0.0018368559793387762,201,0.9607711655092798,0.9605303749834461,0.9606648676320244,0.9609306455534297,0.9626597889835309,0.961111368532342,0.0007852288002245877
2.26568660736084,0.07015752557143447,0.2093040943145752,0.01992049132765789,10,log2,4,5,300,"{'max_depth': 10, 'max_features': 'log2', 'min_samples_leaf': 4, 'min_samples_split': 5, 'n_estimators': 300}",0.9565829894188104,0.9615853804386826,0.9620740810235541,0.9608510123172835,0.9596836419753086,0.960155421034728,0.0019593228633056838,207,0.9607711655092798,0.9599909680647859,0.9624045519519756,0.9607178524952334,0.9615357942257958,0.9610840664494141,0.0008215380311927443
0.7563789367675782,0.01776201769757211,0.09290561676025391,0.012902578851940164,10,log2,4,10,100,"{'max_depth': 10, 'max_features': 'log2', 'min_samples_leaf': 4, 'min_samples_split': 10, 'n_estimators': 100}",0.9556582101790823,0.959554858319443,0.9614759224515321,0.9608510123172835,0.9620827285921626,0.9599245463719006,0.002291774471912269,211,0.959856709568359,0.9586944392999799,0.9614811212226076,0.9609306455534297,0.9648267416545719,0.9611579314597897,0.002067764531253075
1.4644227504730225,0.09047757701497121,0.15053119659423828,0.013089414555023465,10,log2,4,10,200,"{'max_depth': 10, 'max_features': 'log2', 'min_samples_leaf': 4, 'min_samples_split': 10, 'n_estimators': 200}",0.9565829894188104,0.9615853804386826,0.961059152773459,0.9608510123172835,0.9610144527294486,0.9602185975355368,0.0018344268280084302,205,0.9607711655092798,0.9600993553485418,0.9610616982619673,0.9609306455534297,0.9646338039610254,0.9614993337268487,0.0016018740962043464
2.20385684967041,0.10252081888734584,0.20859770774841307,0.020159141313580164,10,log2,4,10,300,"{'max_depth': 10, 'max_features': 'log2', 'min_samples_leaf': 4, 'min_samples_split': 10, 'n_estimators': 300}",0.9565829894188104,0.9599909680647859,0.9620740810235541,0.9608510123172835,0.9620827285921626,0.9603163558833193,0.0020267920519041385,199,0.9607711655092798,0.9592499830772354,0.9625049560125339,0.9609306455534297,0.9649209138093456,0.9616755327923648,0.0019223147206190033
0.8751182556152344,0.052358776822753396,0.10611042976379395,0.02816780121730291,20,sqrt,1,2,100,"{'max_depth': 20, 'max_features': 'sqrt', 'min_samples_leaf': 1, 'min_samples_split': 2, 'n_estimators': 100}",0.9716387137533457,0.9718412176770733,0.9703191213352936,0.9714792392833118,0.9723137826856965,0.9715184149469442,0.0006619853691457553,71,0.9821796435340965,0.9822707561764253,0.9821968264844801,0.9830637836783279,0.9828186794478929,0.9825059378642444,0.00036505547844275615
1.7546549320220948,0.0593594519749479,0.15809125900268556,0.01280945268025054,20,sqrt,1,2,200,"{'max_depth': 20, 'max_features': 'sqrt', 'min_samples_leaf': 1, 'min_samples_split': 2, 'n_estimators': 200}",0.971022921655833,0.9717341482047365,0.9711296192609183,0.9708093763821317,0.971759731188885,0.9712911593385009,0.0003862538498700876,121,0.9822186110160794,0.9822152658035165,0.9821048603421151,0.9830143035769018,0.982665508969793,0.9824437099416812,0.0003442229530756432
2.6254778861999513,0.11598270722374912,0.2304319381713867,0.013494008572564652,20,sqrt,1,2,300,"{'max_depth': 20, 'max_features': 'sqrt', 'min_samples_leaf': 1, 'min_samples_split': 2, 'n_estimators': 300}",0.971022921655833,0.9715674110835401,0.9715606240371164,0.9710335747202107,0.9719010731998606,0.9714171209393122,0.00034055567365819263,91,0.9822346980956135,0.9823033479652471,0.9820422584669188,0.9830143035769018,0.9827733971214193,0.9824736010452201,0.00036176071248770006
0.8668274402618408,0.02725686613136596,0.11255273818969727,0.023281596910179503,20,sqrt,1,5,100,"{'max_depth': 20, 'max_features': 'sqrt', 'min_samples_leaf': 1, 'min_samples_split': 5, 'n_estimators': 100}",0.9713657418237963,0.9713521772345302,0.9705882352941176,0.9716269841269841,0.971486267836761,0.9712838812632378,0.00036165417339668914,127,0.9819647363812729,0.981892532308189,0.9820274670080055,0.98256378790203,0.9824614778700127,0.982182000293902,0.0002752254901721418
1.7848107814788818,0.08102451643430794,0.14885568618774414,0.020022820279406457,20,sqrt,1,5,200,"{'max_depth': 20, 'max_features': 'sqrt', 'min_samples_leaf': 1, 'min_samples_split': 5, 'n_estimators': 200}",0.9711271326549743,0.9717341482047365,0.9708583877995642,0.9710811698981269,0.9707504295873871,0.9711102536289579,0.0003415508581493337,153,0.9819977293661504,0.9819704276941716,0.9820661516563257,0.9825948626772095,0.9824850963457331,0.982222853547918,0.0002631035039549476
2.6711610317230225,0.09558437776978154,0.2203361988067627,0.018455126225355577,20,sqrt,1,5,300,"{'max_depth': 20, 'max_features': 'sqrt', 'min_samples_leaf': 1, 'min_samples_split': 5, 'n_estimators': 300}",0.9708874214024409,0.9714885863018227,0.9713780533059745,0.9708552926607505,0.9702831158262124,0.9709784938994404,0.00043054973881508774,161,0.9819812672932343,0.981842077687828,0.9820661516563257,0.9828125,0.9823610075606287,0.9822126008396035,0.00034471830135632226
0.8368311405181885,0.031440552234538684,0.10620975494384766,0.012492297950857534,20,sqrt,1,10,100,"{'max_depth': 20, 'max_features': 'sqrt', 'min_samples_leaf': 1, 'min_samples_split': 10, 'n_estimators': 100}",0.9734021039996869,0.9717178209866623,0.9702254916941345,0.9716228893058161,0.9702957099058733,0.9714528031784347,0.0011613867350750602,81,0.9809604989062507,0.9804448747002267,0.9815020813582841,0.9814494508345586,0.981406720444307,0.9811527252487254,0.00040314084132067596
1.673527765274048,0.05336497700844919,0.17204809188842773,0.024375583601368454,20,sqrt,1,10,200,"{'max_depth': 20, 'max_features': 'sqrt', 'min_samples_leaf': 1, 'min_samples_split': 10, 'n_estimators': 200}",0.9727755991285404,0.9723397850224008,0.9706463199657157,0.971854186961448,0.9699385972498487,0.9715108976655907,0.0010605653942855836,73,0.9810689267491135,0.9808665576996275,0.9812051516683559,0.9813012581105034,0.9813931102918412,0.9811670009038883,0.00018465675860864815
2.5236629009246827,0.06834133518823585,0.20238900184631348,0.011469903936274515,20,sqrt,1,10,300,"{'max_depth': 20, 'max_features': 'sqrt', 'min_samples_leaf': 1, 'min_samples_split': 10, 'n_estimators': 300}",0.9736440030557678,0.9723397850224008,0.9712418300653595,0.971486267836761,0.9708874214024409,0.9719198614765461,0.0009861706257236211,1,0.9809558229194506,0.9806574483322065,0.9815086226922736,0.9813999736474269,0.981670720257379,0.9812385175697473,0.00037506845496611393
0.867642879486084,0.015624629442726235,0.0895345687866211,0.007809514886312987,20,sqrt,2,2,100,"{'max_depth': 20, 'max_features': 'sqrt', 'min_samples_leaf': 2, 'min_samples_split': 2, 'n_estimators': 100}",0.9735608700877298,0.9715145576707727,0.9701085646413247,0.9725797864657061,0.9711943368573106,0.9717916231445688,0.0011847057252946662,15,0.9811920373323882,0.9814882861982768,0.9813836653599814,0.9821634802177582,0.981901082528481,0.9816257103273772,0.0003551252534598098
1.6866538524627686,0.025740849555615074,0.15886859893798827,0.011624885767396467,20,sqrt,2,2,200,"{'max_depth': 20, 'max_features': 'sqrt', 'min_samples_leaf': 2, 'min_samples_split': 2, 'n_estimators': 200}",0.973223418718574,0.9719258102131967,0.9698687390376554,0.9717639265530876,0.9701361290515361,0.9713836047148099,0.0012389157051131028,109,0.9811221294306994,0.9814319273464646,0.9812265559756734,0.9820530395630166,0.9817591115836729,0.9815185527799054,0.0003445177007315532
2.564620351791382,0.10068326940963866,0.21011042594909668,0.014878609496656038,20,sqrt,2,2,300,"{'max_depth': 20, 'max_features': 'sqrt', 'min_samples_leaf': 2, 'min_samples_split': 2, 'n_estimators': 300}",0.9729445001053496,0.9721748906494282,0.9700023020665475,0.971536152072586,0.970347765274334,0.9714011220336491,0.0011013831864653686,101,0.9812865497076023,0.9814319273464646,0.9812479284612979,0.9820426487093155,0.9818750720344228,0.9815768252518206,0.0003222952156793309
0.8598730087280273,0.02166480718054346,0.09019074440002442,0.01199399452446139,20,sqrt,2,5,100,"{'max_depth': 20, 'max_features': 'sqrt', 'min_samples_leaf': 2, 'min_samples_split': 5, 'n_estimators': 100}",0.9728054663759508,0.9716754850088183,0.9697228687012127,0.9729082074152965,0.9705857464416877,0.9715395547885931,0.001241315261089368,61,0.9811920373323882,0.981361096176092,0.9814719505918683,0.9820591618452452,0.9818750720344228,0.9815918635960033,0.00032436659663601195
1.668327522277832,0.05140428966921579,0.14718737602233886,0.015199743626049785,20,sqrt,2,5,200,"{'max_depth': 20, 'max_features': 'sqrt', 'min_samples_leaf': 2, 'min_samples_split': 5, 'n_estimators': 200}",0.9729445001053496,0.9716754850088183,0.9700023020665475,0.9716269841269841,0.9694061496729445,0.9711310841961287,0.0012712446225199702,149,0.9811221294306994,0.9813071895424836,0.9812822886013285,0.9821178993011804,0.98174226755361,0.9815143548858604,0.00036519120826598395
2.52427396774292,0.07517721553895491,0.22703256607055664,0.03210755758912778,20,sqrt,2,5,300,"{'max_depth': 20, 'max_features': 'sqrt', 'min_samples_leaf': 2, 'min_samples_split': 5, 'n_estimators': 300}",0.9728054663759508,0.9714019709452456,0.9701234567901235,0.9721282629846607,0.9694061496729445,0.9711730613537849,0.0012532519731508229,145,0.9812865497076023,0.9813578261994383,0.9812607877274853,0.9820756062079293,0.9817253530598521,0.9815412245804614,0.0003151526951281964
0.8956879138946533,0.012906444172782817,0.09675884246826172,0.01630812100311213,20,sqrt,2,10,100,"{'max_depth': 20, 'max_features': 'sqrt', 'min_samples_leaf': 2, 'min_samples_split': 10, 'n_estimators': 100}",0.9736831765296544,0.9719931148246431,0.9694696716847893,0.9724980388702215,0.9700510063413289,0.9715390016501274,0.001563311461177322,63,0.9805365271339209,0.9803274290781463,0.9812079082323768,0.9807144053631092,0.9809969442322384,0.9807566428079582,0.0003149109700693485
1.630625104904175,0.051377240535019596,0.14950408935546874,0.0084532216778242,20,sqrt,2,10,200,"{'max_depth': 20, 'max_features': 'sqrt', 'min_samples_leaf': 2, 'min_samples_split': 10, 'n_estimators': 200}",0.9738241881298992,0.9713655084533643,0.9701234567901235,0.972728491021174,0.9703404756831041,0.971676424015533,0.0014151232675800479,17,0.9802911158259321,0.9801680123716787,0.980960949382002,0.9808293260207557,0.9809624646785767,0.9806423736557891,0.0003427245640063106
2.4783445835113525,0.030408281344310853,0.21877121925354004,0.022273363905291554,20,sqrt,2,10,300,"{'max_depth': 20, 'max_features': 'sqrt', 'min_samples_leaf': 2, 'min_samples_split': 10, 'n_estimators': 300}",0.9732620320855615,0.9717359566965388,0.9702702702702702,0.9719470778206064,0.9706741085057985,0.9715778890757552,0.001051124125746679,45,0.9805764956399341,0.9801901723542396,0.9810378781462833,0.9809641800143556,0.9811783416241977,0.9807894135558021,0.000359990851742638
0.869103193283081,0.03627810450197778,0.0876401424407959,0.007868709661380214,20,sqrt,4,2,100,"{'max_depth': 20, 'max_features': 'sqrt', 'min_samples_leaf': 4, 'min_samples_split': 2, 'n_estimators': 100}",0.9724275724275725,0.9719039626359192,0.969219440353461,0.9720839897278749,0.9708097253101915,0.9712889380910038,0.0011678455568731475,123,0.9785684834370172,0.9786174708412911,0.9799635481946506,0.9790129484953703,0.9798396334478809,0.979200416883242,0.0005941847489957893
1.61075119972229,0.10243296901882853,0.1464860439300537,0.011003012550741419,20,sqrt,4,2,200,"{'max_depth': 20, 'max_features': 'sqrt', 'min_samples_leaf': 4, 'min_samples_split': 2, 'n_estimators': 200}",0.9730860024557889,0.9715118815291012,0.9696176251141192,0.9720500626641715,0.9708097253101915,0.9714150594146744,0.001166349324878738,93,0.9789363155488063,0.9790513095334692,0.9799992460644703,0.9791350295530629,0.9796370556267919,0.97935179126532,0.0004026086076968557
2.42459716796875,0.07537174906741541,0.2235424041748047,0.0314037374997435,20,sqrt,4,2,300,"{'max_depth': 20, 'max_features': 'sqrt', 'min_samples_leaf': 4, 'min_samples_split': 2, 'n_estimators': 300}",0.9735085265003276,0.9708402561278399,0.9696176251141192,0.9720500626641715,0.9707966769861244,0.9713626294785165,0.0013202768486847852,113,0.9794542966459071,0.9785100567082926,0.9802911964795095,0.9789825710440212,0.9799210599859455,0.9794318361727351,0.0006371594911908231
0.826453161239624,0.03969393984073813,0.10119562149047852,0.008378678267631272,20,sqrt,4,5,100,"{'max_depth': 20, 'max_features': 'sqrt', 'min_samples_leaf': 4, 'min_samples_split': 5, 'n_estimators': 100}",0.9724275724275725,0.9719039626359192,0.969219440353461,0.9720839897278749,0.9708097253101915,0.9712889380910038,0.0011678455568731475,123,0.9785684834370172,0.9786174708412911,0.9799635481946506,0.9790129484953703,0.9798396334478809,0.979200416883242,0.0005941847489957893
1.6740877628326416,0.02632286920258056,0.16376757621765137,0.015815497343601447,20,sqrt,4,5,200,"{'max_depth': 20, 'max_features': 'sqrt', 'min_samples_leaf': 4, 'min_samples_split': 5, 'n_estimators': 200}",0.9730860024557889,0.9715118815291012,0.9696176251141192,0.9720500626641715,0.9708097253101915,0.9714150594146744,0.001166349324878738,93,0.9789363155488063,0.9790513095334692,0.9799992460644703,0.9791350295530629,0.9796370556267919,0.97935179126532,0.0004026086076968557
2.35307092666626,0.06117105505035938,0.22995147705078126,0.03858944934574883,20,sqrt,4,5,300,"{'max_depth': 20, 'max_features': 'sqrt', 'min_samples_leaf': 4, 'min_samples_split': 5, 'n_estimators': 300}",0.9735085265003276,0.9708402561278399,0.9696176251141192,0.9720500626641715,0.9707966769861244,0.9713626294785165,0.0013202768486847852,113,0.9794542966459071,0.9785100567082926,0.9802911964795095,0.9789825710440212,0.9799210599859455,0.9794318361727351,0.0006371594911908231
0.8124268054962158,0.06255790569838172,0.10231108665466308,0.010008437733744541,20,sqrt,4,10,100,"{'max_depth': 20, 'max_features': 'sqrt', 'min_samples_leaf': 4, 'min_samples_split': 10, 'n_estimators': 100}",0.9730085348506402,0.9720544918998527,0.9685247120029729,0.9715972844993783,0.9703918825591896,0.9711153811624067,0.0015448758923060218,151,0.9790066741207539,0.9781545113209694,0.9798856756970826,0.9783118917757481,0.980347259079536,0.979141202398818,0.0008588627898768326
1.6102463722229003,0.027619538571955038,0.14834065437316896,0.017509759793392615,20,sqrt,4,10,200,"{'max_depth': 20, 'max_features': 'sqrt', 'min_samples_leaf': 4, 'min_samples_split': 10, 'n_estimators': 200}",0.9732025642529426,0.9708410764518057,0.9690873608081736,0.9726022658479634,0.9700207989672237,0.9711508132656219,0.0015457750137276814,147,0.9792023048527955,0.9783431214370227,0.9798822405961731,0.9783978152335862,0.9798396334478809,0.9791330231134918,0.0006678173770703808
2.459117364883423,0.04695347287029418,0.20347461700439454,0.015421152596342387,20,sqrt,4,10,300,"{'max_depth': 20, 'max_features': 'sqrt', 'min_samples_leaf': 4, 'min_samples_split': 10, 'n_estimators': 300}",0.9734581795264248,0.9707042253521126,0.9683760524203334,0.9723597735061064,0.9702807759920201,0.9710358013593995,0.0017535728443491636,159,0.9790649588613282,0.9782200880505223,0.9798438737114736,0.9785648378572254,0.9796805735372729,0.9790748664035644,0.0006243599413393537
0.8797343730926513,0.04389736285668826,0.10524001121520996,0.017710878140213306,20,log2,1,2,100,"{'max_depth': 20, 'max_features': 'log2', 'min_samples_leaf': 1, 'min_samples_split': 2, 'n_estimators': 100}",0.9716387137533457,0.9718412176770733,0.9703191213352936,0.9714792392833118,0.9723137826856965,0.9715184149469442,0.0006619853691457553,71,0.9821796435340965,0.9822707561764253,0.9821968264844801,0.9830637836783279,0.9828186794478929,0.9825059378642444,0.00036505547844275615
1.7615829467773438,0.022711535837883927,0.1582392692565918,0.007736732498327312,20,log2,1,2,200,"{'max_depth': 20, 'max_features': 'log2', 'min_samples_leaf': 1, 'min_samples_split': 2, 'n_estimators': 200}",0.971022921655833,0.9717341482047365,0.9711296192609183,0.9708093763821317,0.971759731188885,0.9712911593385009,0.0003862538498700876,121,0.9822186110160794,0.9822152658035165,0.9821048603421151,0.9830143035769018,0.982665508969793,0.9824437099416812,0.0003442229530756432
2.600367879867554,0.05873266954255667,0.21681995391845704,0.015266130202405182,20,log2,1,2,300,"{'max_depth': 20, 'max_features': 'log2', 'min_samples_leaf': 1, 'min_samples_split': 2, 'n_estimators': 300}",0.971022921655833,0.9715674110835401,0.9715606240371164,0.9710335747202107,0.9719010731998606,0.9714171209393122,0.00034055567365819263,91,0.9822346980956135,0.9823033479652471,0.9820422584669188,0.9830143035769018,0.9827733971214193,0.9824736010452201,0.00036176071248770006
0.8719442367553711,0.028910757351315625,0.09287581443786622,0.010544952880108458,20,log2,1,5,100,"{'max_depth': 20, 'max_features': 'log2', 'min_samples_leaf': 1, 'min_samples_split': 5, 'n_estimators': 100}",0.9713657418237963,0.9713521772345302,0.9705882352941176,0.9716269841269841,0.971486267836761,0.9712838812632378,0.00036165417339668914,127,0.9819647363812729,0.981892532308189,0.9820274670080055,0.98256378790203,0.9824614778700127,0.982182000293902,0.0002752254901721418
1.6839493274688722,0.05193833566171718,0.15616483688354493,0.011418600862655566,20,log2,1,5,200,"{'max_depth': 20, 'max_features': 'log2', 'min_samples_leaf': 1, 'min_samples_split': 5, 'n_estimators': 200}",0.9711271326549743,0.9717341482047365,0.9708583877995642,0.9710811698981269,0.9707504295873871,0.9711102536289579,0.0003415508581493337,153,0.9819977293661504,0.9819704276941716,0.9820661516563257,0.9825948626772095,0.9824850963457331,0.982222853547918,0.0002631035039549476
2.6021564483642576,0.0675245093390731,0.21741123199462892,0.020960905528143368,20,log2,1,5,300,"{'max_depth': 20, 'max_features': 'log2', 'min_samples_leaf': 1, 'min_samples_split': 5, 'n_estimators': 300}",0.9708874214024409,0.9714885863018227,0.9713780533059745,0.9708552926607505,0.9702831158262124,0.9709784938994404,0.00043054973881508774,161,0.9819812672932343,0.981842077687828,0.9820661516563257,0.9828125,0.9823610075606287,0.9822126008396035,0.00034471830135632226
0.8957990646362305,0.049730134469216,0.09901032447814942,0.0102944037594458,20,log2,1,10,100,"{'max_depth': 20, 'max_features': 'log2', 'min_samples_leaf': 1, 'min_samples_split': 10, 'n_estimators': 100}",0.9734021039996869,0.9717178209866623,0.9702254916941345,0.9716228893058161,0.9702957099058733,0.9714528031784347,0.0011613867350750602,81,0.9809604989062507,0.9804448747002267,0.9815020813582841,0.9814494508345586,0.981406720444307,0.9811527252487254,0.00040314084132067596
1.6918396472930908,0.02760075904626729,0.16297650337219238,0.016922705154915632,20,log2,1,10,200,"{'max_depth': 20, 'max_features': 'log2', 'min_samples_leaf': 1, 'min_samples_split': 10, 'n_estimators': 200}",0.9727755991285404,0.9723397850224008,0.9706463199657157,0.971854186961448,0.9699385972498487,0.9715108976655907,0.0010605653942855836,73,0.9810689267491135,0.9808665576996275,0.9812051516683559,0.9813012581105034,0.9813931102918412,0.9811670009038883,0.00018465675860864815
2.500731658935547,0.0653565613808298,0.2417820930480957,0.0170435266719279,20,log2,1,10,300,"{'max_depth': 20, 'max_features': 'log2', 'min_samples_leaf': 1, 'min_samples_split': 10, 'n_estimators': 300}",0.9736440030557678,0.9723397850224008,0.9712418300653595,0.971486267836761,0.9708874214024409,0.9719198614765461,0.0009861706257236211,1,0.9809558229194506,0.9806574483322065,0.9815086226922736,0.9813999736474269,0.981670720257379,0.9812385175697473,0.00037506845496611393
0.8900973796844482,0.03575831857105932,0.1041536808013916,0.020033904230791228,20,log2,2,2,100,"{'max_depth': 20, 'max_features': 'log2', 'min_samples_leaf': 2, 'min_samples_split': 2, 'n_estimators': 100}",0.9735608700877298,0.9715145576707727,0.9701085646413247,0.9725797864657061,0.9711943368573106,0.9717916231445688,0.0011847057252946662,15,0.9811920373323882,0.9814882861982768,0.9813836653599814,0.9821634802177582,0.981901082528481,0.9816257103273772,0.0003551252534598098
1.7250823497772216,0.0474050104999443,0.177732515335083,0.026798199536238472,20,log2,2,2,200,"{'max_depth': 20, 'max_features': 'log2', 'min_samples_leaf': 2, 'min_samples_split': 2, 'n_estimators': 200}",0.973223418718574,0.9719258102131967,0.9698687390376554,0.9717639265530876,0.9701361290515361,0.9713836047148099,0.0012389157051131028,109,0.9811221294306994,0.9814319273464646,0.9812265559756734,0.9820530395630166,0.9817591115836729,0.9815185527799054,0.0003445177007315532
2.559205150604248,0.03615892905089315,0.22297086715698242,0.017648516903548617,20,log2,2,2,300,"{'max_depth': 20, 'max_features': 'log2', 'min_samples_leaf': 2, 'min_samples_split': 2, 'n_estimators': 300}",0.9729445001053496,0.9721748906494282,0.9700023020665475,0.971536152072586,0.970347765274334,0.9714011220336491,0.0011013831864653686,101,0.9812865497076023,0.9814319273464646,0.9812479284612979,0.9820426487093155,0.9818750720344228,0.9815768252518206,0.0003222952156793309
0.884929609298706,0.05130168524236171,0.09696369171142578,0.020809211618050417,20,log2,2,5,100,"{'max_depth': 20, 'max_features': 'log2', 'min_samples_leaf': 2, 'min_samples_split': 5, 'n_estimators': 100}",0.9728054663759508,0.9716754850088183,0.9697228687012127,0.9729082074152965,0.9705857464416877,0.9715395547885931,0.001241315261089368,61,0.9811920373323882,0.981361096176092,0.9814719505918683,0.9820591618452452,0.9818750720344228,0.9815918635960033,0.00032436659663601195
1.712848138809204,0.031896723925146024,0.18906698226928711,0.027808282309931983,20,log2,2,5,200,"{'max_depth': 20, 'max_features': 'log2', 'min_samples_leaf': 2, 'min_samples_split': 5, 'n_estimators': 200}",0.9729445001053496,0.9716754850088183,0.9700023020665475,0.9716269841269841,0.9694061496729445,0.9711310841961287,0.0012712446225199702,149,0.9811221294306994,0.9813071895424836,0.9812822886013285,0.9821178993011804,0.98174226755361,0.9815143548858604,0.00036519120826598395
2.4847680568695067,0.0343045179243439,0.22445712089538575,0.009920205821119387,20,log2,2,5,300,"{'max_depth': 20, 'max_features': 'log2', 'min_samples_leaf': 2, 'min_samples_split': 5, 'n_estimators': 300}",0.9728054663759508,0.9714019709452456,0.9701234567901235,0.9721282629846607,0.9694061496729445,0.9711730613537849,0.0012532519731508229,145,0.9812865497076023,0.9813578261994383,0.9812607877274853,0.9820756062079293,0.9817253530598521,0.9815412245804614,0.0003151526951281964
0.8532004356384277,0.04434278946115127,0.09466786384582519,0.015066282335959929,20,log2,2,10,100,"{'max_depth': 20, 'max_features': 'log2', 'min_samples_leaf': 2, 'min_samples_split': 10, 'n_estimators': 100}",0.9736831765296544,0.9719931148246431,0.9694696716847893,0.9724980388702215,0.9700510063413289,0.9715390016501274,0.001563311461177322,63,0.9805365271339209,0.9803274290781463,0.9812079082323768,0.9807144053631092,0.9809969442322384,0.9807566428079582,0.0003149109700693485
1.628613042831421,0.04288476106090522,0.15967326164245604,0.028705730107385013,20,log2,2,10,200,"{'max_depth': 20, 'max_features': 'log2', 'min_samples_leaf': 2, 'min_samples_split': 10, 'n_estimators': 200}",0.9738241881298992,0.9713655084533643,0.9701234567901235,0.972728491021174,0.9703404756831041,0.971676424015533,0.0014151232675800479,17,0.9802911158259321,0.9801680123716787,0.980960949382002,0.9808293260207557,0.9809624646785767,0.9806423736557891,0.0003427245640063106
2.4924232959747314,0.09948322786452755,0.20851774215698243,0.015855826874909242,20,log2,2,10,300,"{'max_depth': 20, 'max_features': 'log2', 'min_samples_leaf': 2, 'min_samples_split': 10, 'n_estimators': 300}",0.9732620320855615,0.9717359566965388,0.9702702702702702,0.9719470778206064,0.9706741085057985,0.9715778890757552,0.001051124125746679,45,0.9805764956399341,0.9801901723542396,0.9810378781462833,0.9809641800143556,0.9811783416241977,0.9807894135558021,0.000359990851742638
0.845416784286499,0.04459865831880819,0.09477972984313965,0.015030907527892894,20,log2,4,2,100,"{'max_depth': 20, 'max_features': 'log2', 'min_samples_leaf': 4, 'min_samples_split': 2, 'n_estimators': 100}",0.9724275724275725,0.9719039626359192,0.969219440353461,0.9720839897278749,0.9708097253101915,0.9712889380910038,0.0011678455568731475,123,0.9785684834370172,0.9786174708412911,0.9799635481946506,0.9790129484953703,0.9798396334478809,0.979200416883242,0.0005941847489957893
1.6218919277191162,0.03548236153939672,0.15533995628356934,0.01898644125152647,20,log2,4,2,200,"{'max_depth': 20, 'max_features': 'log2', 'min_samples_leaf': 4, 'min_samples_split': 2, 'n_estimators': 200}",0.9730860024557889,0.9715118815291012,0.9696176251141192,0.9720500626641715,0.9708097253101915,0.9714150594146744,0.001166349324878738,93,0.9789363155488063,0.9790513095334692,0.9799992460644703,0.9791350295530629,0.9796370556267919,0.97935179126532,0.0004026086076968557
2.4139517307281495,0.09267408361141874,0.2008058547973633,0.01799911443380847,20,log2,4,2,300,"{'max_depth': 20, 'max_features': 'log2', 'min_samples_leaf': 4, 'min_samples_split': 2, 'n_estimators': 300}",0.9735085265003276,0.9708402561278399,0.9696176251141192,0.9720500626641715,0.9707966769861244,0.9713626294785165,0.0013202768486847852,113,0.9794542966459071,0.9785100567082926,0.9802911964795095,0.9789825710440212,0.9799210599859455,0.9794318361727351,0.0006371594911908231
0.8409022331237793,0.03816054357848192,0.09664678573608398,0.016121372423704015,20,log2,4,5,100,"{'max_depth': 20, 'max_features': 'log2', 'min_samples_leaf': 4, 'min_samples_split': 5, 'n_estimators': 100}",0.9724275724275725,0.9719039626359192,0.969219440353461,0.9720839897278749,0.9708097253101915,0.9712889380910038,0.0011678455568731475,123,0.9785684834370172,0.9786174708412911,0.9799635481946506,0.9790129484953703,0.9798396334478809,0.979200416883242,0.0005941847489957893
1.6073930740356446,0.061728135333581305,0.14681625366210938,0.020086723871499665,20,log2,4,5,200,"{'max_depth': 20, 'max_features': 'log2', 'min_samples_leaf': 4, 'min_samples_split': 5, 'n_estimators': 200}",0.9730860024557889,0.9715118815291012,0.9696176251141192,0.9720500626641715,0.9708097253101915,0.9714150594146744,0.001166349324878738,93,0.9789363155488063,0.9790513095334692,0.9799992460644703,0.9791350295530629,0.9796370556267919,0.97935179126532,0.0004026086076968557
2.4352896213531494,0.09719977030743956,0.21979055404663086,0.03320086071518112,20,log2,4,5,300,"{'max_depth': 20, 'max_features': 'log2', 'min_samples_leaf': 4, 'min_samples_split': 5, 'n_estimators': 300}",0.9735085265003276,0.9708402561278399,0.9696176251141192,0.9720500626641715,0.9707966769861244,0.9713626294785165,0.0013202768486847852,113,0.9794542966459071,0.9785100567082926,0.9802911964795095,0.9789825710440212,0.9799210599859455,0.9794318361727351,0.0006371594911908231
0.8740132331848145,0.05063319731299533,0.09192476272583008,0.009802768314275704,20,log2,4,10,100,"{'max_depth': 20, 'max_features': 'log2', 'min_samples_leaf': 4, 'min_samples_split': 10, 'n_estimators': 100}",0.9730085348506402,0.9720544918998527,0.9685247120029729,0.9715972844993783,0.9703918825591896,0.9711153811624067,0.0015448758923060218,151,0.9790066741207539,0.9781545113209694,0.9798856756970826,0.9783118917757481,0.980347259079536,0.979141202398818,0.0008588627898768326
1.62933292388916,0.0993810049478047,0.14871978759765625,0.013714666448413768,20,log2,4,10,200,"{'max_depth': 20, 'max_features': 'log2', 'min_samples_leaf': 4, 'min_samples_split': 10, 'n_estimators': 200}",0.9732025642529426,0.9708410764518057,0.9690873608081736,0.9726022658479634,0.9700207989672237,0.9711508132656219,0.0015457750137276814,147,0.9792023048527955,0.9783431214370227,0.9798822405961731,0.9783978152335862,0.9798396334478809,0.9791330231134918,0.0006678173770703808
2.4579169750213623,0.04655877857704857,0.22380223274230956,0.020162885859897547,20,log2,4,10,300,"{'max_depth': 20, 'max_features': 'log2', 'min_samples_leaf': 4, 'min_samples_split': 10, 'n_estimators': 300}",0.9734581795264248,0.9707042253521126,0.9683760524203334,0.9723597735061064,0.9702807759920201,0.9710358013593995,0.0017535728443491636,159,0.9790649588613282,0.9782200880505223,0.9798438737114736,0.9785648378572254,0.9796805735372729,0.9790748664035644,0.0006243599413393537
0.9205281257629394,0.02661515311079249,0.0895543098449707,0.016831786100270918,30,sqrt,1,2,100,"{'max_depth': 30, 'max_features': 'sqrt', 'min_samples_leaf': 1, 'min_samples_split': 2, 'n_estimators': 100}",0.9722665770232792,0.9709580787652107,0.9706996454207385,0.9723599048402588,0.9719010731998606,0.9716370558498696,0.0006823871226671422,37,0.9825130820692852,0.9824622892717837,0.9822865186970553,0.9832317073170732,0.9829655930895033,0.9826918380889401,0.00035080785831477664
1.8724096298217774,0.04184930266831944,0.1648125171661377,0.019024077995432202,30,sqrt,1,2,200,"{'max_depth': 30, 'max_features': 'sqrt', 'min_samples_leaf': 1, 'min_samples_split': 2, 'n_estimators': 200}",0.9714667175281327,0.9706171337669022,0.9717341482047365,0.9721027287319423,0.971077680889303,0.9713996818242034,0.0005151121361125177,103,0.9823919319645933,0.982539308382005,0.9822119316041419,0.9832317073170732,0.9828633987750749,0.9826476556085776,0.0003618426795520416
2.6947829246521,0.11716700366127877,0.23827476501464845,0.018399458069975904,30,sqrt,1,2,300,"{'max_depth': 30, 'max_features': 'sqrt', 'min_samples_leaf': 1, 'min_samples_split': 2, 'n_estimators': 300}",0.9709169570965028,0.9713657418237963,0.9714019709452456,0.9714537856777308,0.9716670426347845,0.971361099635612,0.0002454165561061341,117,0.9822507182098752,0.9824778218339615,0.9822269738196715,0.9831893081648783,0.9830926734658014,0.9826474990988376,0.0004134741199941922
0.8805770874023438,0.052904672481842635,0.09203200340270996,0.007052315271091019,30,sqrt,1,5,100,"{'max_depth': 30, 'max_features': 'sqrt', 'min_samples_leaf': 1, 'min_samples_split': 5, 'n_estimators': 100}",0.9723599571160547,0.9710584901841733,0.9702957099058733,0.9722508886595573,0.971672917731009,0.9715275927193335,0.0007713234496220201,69,0.9822832559815203,0.9822676795583041,0.9820970788639277,0.9830246913580246,0.9826056054445801,0.9824556622412712,0.00032860935651182033
1.768846321105957,0.04338024294691159,0.15992350578308107,0.01457987277371304,30,sqrt,1,5,200,"{'max_depth': 30, 'max_features': 'sqrt', 'min_samples_leaf': 1, 'min_samples_split': 5, 'n_estimators': 200}",0.9708874214024409,0.971022921655833,0.9711058827622497,0.9710335747202107,0.9713498622589531,0.9710799325599375,0.00015231237222389685,155,0.9821309505791019,0.9822436267892732,0.9820661516563257,0.9828336481008878,0.982530759126369,0.9823610272503916,0.0002849031895099832
2.6852667331695557,0.0645694848345111,0.22652153968811034,0.015182677876508273,30,sqrt,1,5,300,"{'max_depth': 30, 'max_features': 'sqrt', 'min_samples_leaf': 1, 'min_samples_split': 5, 'n_estimators': 300}",0.9716032608695652,0.9712946589523924,0.9711058827622497,0.9714267160205208,0.9714902415570587,0.9713841520323573,0.00017118303708610723,107,0.9821634802177582,0.9821634802177582,0.9820349653900181,0.9830100595555228,0.9827032013491502,0.9824150373460416,0.00037632607982953693
0.8710578918457031,0.021748558344058658,0.09336605072021484,0.01555707346569068,30,sqrt,1,10,100,"{'max_depth': 30, 'max_features': 'sqrt', 'min_samples_leaf': 1, 'min_samples_split': 10, 'n_estimators': 100}",0.9734207313154681,0.9724637993914413,0.9695898656215004,0.972718253968254,0.9709580787652107,0.9718301458123749,0.0013783737857219554,11,0.9811075825725344,0.9814106420400535,0.9816174414863034,0.9818362914161597,0.9818913631056781,0.9815726641241458,0.00028831420619491804
1.6755397319793701,0.06566973278932023,0.17465195655822754,0.024142010086088447,30,sqrt,1,10,200,"{'max_depth': 30, 'max_features': 'sqrt', 'min_samples_leaf': 1, 'min_samples_split': 10, 'n_estimators': 200}",0.9723256134546457,0.9726366969205412,0.9706096788980813,0.9720384284699638,0.9702428297384551,0.9715706494963374,0.0009603972779322681,51,0.9811817766502395,0.981518817204301,0.9816626330664951,0.9818811078729207,0.9818975270728947,0.9816283723733703,0.00026417545498813626
2.570753812789917,0.0664408101151834,0.22632365226745604,0.024840123402079046,30,sqrt,1,10,300,"{'max_depth': 30, 'max_features': 'sqrt', 'min_samples_leaf': 1, 'min_samples_split': 10, 'n_estimators': 300}",0.9726022658479634,0.9726366969205412,0.9706096788980813,0.971077680889303,0.9712932758076397,0.9716439196727057,0.0008267122250559102,31,0.9812204695801051,0.98138932648525,0.9816174414863034,0.981892532308189,0.9821048603421151,0.9816449260403924,0.00032221056647333706
0.8709769248962402,0.046900598332702235,0.08083987236022949,0.005768789283719981,30,sqrt,2,2,100,"{'max_depth': 30, 'max_features': 'sqrt', 'min_samples_leaf': 2, 'min_samples_split': 2, 'n_estimators': 100}",0.9716723608082821,0.9722217417625183,0.9707231792226768,0.9724415289017818,0.9706171337669022,0.9715351888924323,0.0007501743940921289,65,0.9812058563661692,0.9817869837579748,0.9816174414863034,0.9823843702170759,0.9819915658932953,0.9817972435441638,0.00039106310051876484
1.6787023067474365,0.06272443012958241,0.15259618759155275,0.010907239604379653,30,sqrt,2,2,200,"{'max_depth': 30, 'max_features': 'sqrt', 'min_samples_leaf': 2, 'min_samples_split': 2, 'n_estimators': 200}",0.9715674110835401,0.9726667095088147,0.9699896591934172,0.9722508886595573,0.9705857464416877,0.9714120829774033,0.0010007927875238956,97,0.9812414855756589,0.9817537674778692,0.9814659596305165,0.9823221193739279,0.9819915658932953,0.9817549795902536,0.0003807441982172391
2.6350000858306886,0.10472003912592241,0.21848297119140625,0.019300205926284578,30,sqrt,2,2,300,"{'max_depth': 30, 'max_features': 'sqrt', 'min_samples_leaf': 2, 'min_samples_split': 2, 'n_estimators': 300}",0.9722896986054881,0.9726667095088147,0.9702425913889718,0.9719754376796447,0.9706874451865345,0.9715723764738907,0.0009408513084227357,47,0.9813292666115246,0.9817925894638441,0.9815712354822991,0.9823765020026703,0.982040160788093,0.9818219508696862,0.00036375832731389154
0.9096210479736329,0.03256479205464337,0.09388375282287598,0.009313907199952861,30,sqrt,2,5,100,"{'max_depth': 30, 'max_features': 'sqrt', 'min_samples_leaf': 2, 'min_samples_split': 5, 'n_estimators': 100}",0.9725856697819314,0.9724637993914413,0.9697228687012127,0.9723034768763655,0.9709228664632222,0.9715997362428347,0.0011130773032386315,39,0.9814774504211403,0.9817202728325499,0.9815981657608696,0.9824850963457331,0.9820810235536546,0.9818724017827896,0.0003669476425942949
1.6906304836273194,0.0413763542170072,0.16556224822998047,0.012844100484401898,30,sqrt,2,5,200,"{'max_depth': 30, 'max_features': 'sqrt', 'min_samples_leaf': 2, 'min_samples_split': 5, 'n_estimators': 200}",0.9723900061042503,0.9723256134546457,0.970376889397373,0.9722508886595573,0.9704176821581646,0.9715522159547982,0.0009441121784997493,59,0.9812519166106254,0.9816864974216388,0.9815655265989799,0.9823065515149537,0.9820652173913044,0.9817751419075004,0.00037204867717210223
2.638388681411743,0.09279696172594501,0.2348860263824463,0.022598769952654137,30,sqrt,2,5,300,"{'max_depth': 30, 'max_features': 'sqrt', 'min_samples_leaf': 2, 'min_samples_split': 5, 'n_estimators': 300}",0.9721518987341772,0.9725661015054244,0.9704942605814367,0.972334726940162,0.9707874611311875,0.9716668897784775,0.0008530270653316156,19,0.9813292666115246,0.981737055100135,0.9816591026060918,0.9822594565123438,0.9820810235536546,0.9818131808767501,0.0003269892676951103
0.8733466625213623,0.0706969903754765,0.10119123458862304,0.01945607311849488,30,sqrt,2,10,100,"{'max_depth': 30, 'max_features': 'sqrt', 'min_samples_leaf': 2, 'min_samples_split': 10, 'n_estimators': 100}",0.9730838158257513,0.9725306149178145,0.9695898656215004,0.9728191000918273,0.9712630675778932,0.9718572928069573,0.0012943820377334485,7,0.9807426747458893,0.9811491788151695,0.9813671237720564,0.9811607625534027,0.981565175927253,0.9811969831627542,0.0002736812249998518
1.6815910816192627,0.030884772015281347,0.15705623626708984,0.019103390268242995,30,sqrt,2,10,200,"{'max_depth': 30, 'max_features': 'sqrt', 'min_samples_leaf': 2, 'min_samples_split': 10, 'n_estimators': 200}",0.9729827899334084,0.9728395061728395,0.9701085646413247,0.9728191000918273,0.9705882352941176,0.9718676392267035,0.0012509661911626617,3,0.9806903314853518,0.9808463935173748,0.9812629508144495,0.9813331037574254,0.9813012581105034,0.9810868075370209,0.00026558218736404056
2.47994647026062,0.06670057098462695,0.2221749782562256,0.024484035857642902,30,sqrt,2,10,300,"{'max_depth': 30, 'max_features': 'sqrt', 'min_samples_leaf': 2, 'min_samples_split': 10, 'n_estimators': 300}",0.9728436090550078,0.9727002706211084,0.9698561315368806,0.971672917731009,0.9704301075268816,0.9715006072941774,0.0011935499136890002,77,0.9807835336850298,0.9807506254849617,0.9813671237720564,0.9814627999371822,0.9814584686036661,0.9811645102965793,0.00032646109485717816
0.8300103187561035,0.06608125098077208,0.09019293785095214,0.009336275149540472,30,sqrt,4,2,100,"{'max_depth': 30, 'max_features': 'sqrt', 'min_samples_leaf': 4, 'min_samples_split': 2, 'n_estimators': 100}",0.9726425686284158,0.9718898247871574,0.969219440353461,0.9713243704007425,0.9709322049029585,0.9712016818145471,0.0011460058521878852,133,0.9791593822436954,0.9790583002124847,0.9802911158259321,0.9790356725509346,0.9800054430123585,0.9795099827690811,0.0005305766200175444
1.702268648147583,0.07019215892431642,0.14591121673583984,0.015221054390800081,30,sqrt,4,2,200,"{'max_depth': 30, 'max_features': 'sqrt', 'min_samples_leaf': 4, 'min_samples_split': 2, 'n_estimators': 200}",0.9729218606113693,0.9716494845360825,0.9694845665883746,0.9721518987341772,0.9710526315789473,0.9714520884097901,0.0011592789071472227,83,0.9792959864178808,0.9791508282530251,0.9801946312271328,0.9791416068585873,0.9801424302510683,0.9795850966015388,0.00047979372768192216
2.4181740283966064,0.03173738111719106,0.23050546646118164,0.012291621732150546,30,sqrt,4,2,300,"{'max_depth': 30, 'max_features': 'sqrt', 'min_samples_leaf': 4, 'min_samples_split': 2, 'n_estimators': 300}",0.9735085265003276,0.9716494845360825,0.9693518403195823,0.972627021867703,0.9711886678990623,0.9716651082245515,0.0014072609338641072,21,0.9795991831000558,0.9791350295530629,0.9803679803679803,0.9792245402249101,0.9800231706171525,0.9796699807726323,0.00046937168655434273
0.8356738567352295,0.026622537125184077,0.09290738105773926,0.011366697180909924,30,sqrt,4,5,100,"{'max_depth': 30, 'max_features': 'sqrt', 'min_samples_leaf': 4, 'min_samples_split': 5, 'n_estimators': 100}",0.9726425686284158,0.9718898247871574,0.969219440353461,0.9713243704007425,0.9709322049029585,0.9712016818145471,0.0011460058521878852,133,0.9791593822436954,0.9790583002124847,0.9802911158259321,0.9790356725509346,0.9800054430123585,0.9795099827690811,0.0005305766200175444
1.644499158859253,0.05306099784478367,0.16036300659179686,0.010833558492622034,30,sqrt,4,5,200,"{'max_depth': 30, 'max_features': 'sqrt', 'min_samples_leaf': 4, 'min_samples_split': 5, 'n_estimators': 200}",0.9729218606113693,0.9716494845360825,0.9694845665883746,0.9721518987341772,0.9710526315789473,0.9714520884097901,0.0011592789071472227,83,0.9792959864178808,0.9791508282530251,0.9801946312271328,0.9791416068585873,0.9801424302510683,0.9795850966015388,0.00047979372768192216
2.456816625595093,0.054438489660370515,0.19671239852905273,0.0065387167687451665,30,sqrt,4,5,300,"{'max_depth': 30, 'max_features': 'sqrt', 'min_samples_leaf': 4, 'min_samples_split': 5, 'n_estimators': 300}",0.9735085265003276,0.9716494845360825,0.9693518403195823,0.972627021867703,0.9711886678990623,0.9716651082245515,0.0014072609338641072,21,0.9795991831000558,0.9791350295530629,0.9803679803679803,0.9792245402249101,0.9800231706171525,0.9796699807726323,0.00046937168655434273
0.8543478012084961,0.0336486991754328,0.08504581451416016,0.005356624802214341,30,sqrt,4,10,100,"{'max_depth': 30, 'max_features': 'sqrt', 'min_samples_leaf': 4, 'min_samples_split': 10, 'n_estimators': 100}",0.9735085265003276,0.9712488935643679,0.969232573771897,0.9713243704007425,0.9706463199657157,0.9711921368406102,0.0013801573516774837,141,0.9794705098650569,0.9785346097201767,0.9802498974945509,0.978775795618187,0.9804062514173718,0.9794874128230686,0.0007536797391173766
1.620993709564209,0.03409328444160504,0.1797558307647705,0.014261631589731563,30,sqrt,4,10,200,"{'max_depth': 30, 'max_features': 'sqrt', 'min_samples_leaf': 4, 'min_samples_split': 10, 'n_estimators': 200}",0.9732025642529426,0.9716494845360825,0.9693630964570961,0.9726667095088147,0.9710680402041519,0.9715899789918175,0.0013412491686444006,41,0.9791639425073738,0.9789594622645555,0.9801757851993128,0.9789288670954596,0.9799809940471921,0.9794418102227788,0.0005296072383602005
2.4891361713409426,0.07707572079948555,0.20673065185546874,0.017348124890497862,30,sqrt,4,10,300,"{'max_depth': 30, 'max_features': 'sqrt', 'min_samples_leaf': 4, 'min_samples_split': 10, 'n_estimators': 300}",0.9734298328405476,0.9708410764518057,0.9689670138888888,0.9722896986054881,0.9706744080980859,0.9712404059769633,0.001519390289947713,129,0.9792083305857479,0.9788745534393701,0.9802892767216315,0.9789901275777205,0.9797623307871713,0.9794249238223282,0.0005291157448712553
0.925495958328247,0.033493647691283254,0.09978260993957519,0.007260610027515282,30,log2,1,2,100,"{'max_depth': 30, 'max_features': 'log2', 'min_samples_leaf': 1, 'min_samples_split': 2, 'n_estimators': 100}",0.9722665770232792,0.9709580787652107,0.9706996454207385,0.9723599048402588,0.9719010731998606,0.9716370558498696,0.0006823871226671422,37,0.9825130820692852,0.9824622892717837,0.9822865186970553,0.9832317073170732,0.9829655930895033,0.9826918380889401,0.00035080785831477664
1.8111237049102784,0.018157486895426834,0.15996179580688477,0.021239554716811458,30,log2,1,2,200,"{'max_depth': 30, 'max_features': 'log2', 'min_samples_leaf': 1, 'min_samples_split': 2, 'n_estimators': 200}",0.9714667175281327,0.9706171337669022,0.9717341482047365,0.9721027287319423,0.971077680889303,0.9713996818242034,0.0005151121361125177,103,0.9823919319645933,0.982539308382005,0.9822119316041419,0.9832317073170732,0.9828633987750749,0.9826476556085776,0.0003618426795520416
2.7130706787109373,0.058265342479433206,0.23436579704284669,0.008124058890634256,30,log2,1,2,300,"{'max_depth': 30, 'max_features': 'log2', 'min_samples_leaf': 1, 'min_samples_split': 2, 'n_estimators': 300}",0.9709169570965028,0.9713657418237963,0.9714019709452456,0.9714537856777308,0.9716670426347845,0.971361099635612,0.0002454165561061341,117,0.9822507182098752,0.9824778218339615,0.9822269738196715,0.9831893081648783,0.9830926734658014,0.9826474990988376,0.0004134741199941922
0.9194578647613525,0.035189803917800466,0.10528731346130371,0.018661367546727245,30,log2,1,5,100,"{'max_depth': 30, 'max_features': 'log2', 'min_samples_leaf': 1, 'min_samples_split': 5, 'n_estimators': 100}",0.9723599571160547,0.9710584901841733,0.9702957099058733,0.9722508886595573,0.971672917731009,0.9715275927193335,0.0007713234496220201,69,0.9822832559815203,0.9822676795583041,0.9820970788639277,0.9830246913580246,0.9826056054445801,0.9824556622412712,0.00032860935651182033
1.7659659385681152,0.019003377809539635,0.1704193115234375,0.02403706694415169,30,log2,1,5,200,"{'max_depth': 30, 'max_features': 'log2', 'min_samples_leaf': 1, 'min_samples_split': 5, 'n_estimators': 200}",0.9708874214024409,0.971022921655833,0.9711058827622497,0.9710335747202107,0.9713498622589531,0.9710799325599375,0.00015231237222389685,155,0.9821309505791019,0.9822436267892732,0.9820661516563257,0.9828336481008878,0.982530759126369,0.9823610272503916,0.0002849031895099832
2.622360038757324,0.032475908747137294,0.2390136241912842,0.018688851494453373,30,log2,1,5,300,"{'max_depth': 30, 'max_features': 'log2', 'min_samples_leaf': 1, 'min_samples_split': 5, 'n_estimators': 300}",0.9716032608695652,0.9712946589523924,0.9711058827622497,0.9714267160205208,0.9714902415570587,0.9713841520323573,0.00017118303708610723,107,0.9821634802177582,0.9821634802177582,0.9820349653900181,0.9830100595555228,0.9827032013491502,0.9824150373460416,0.00037632607982953693
0.9057109355926514,0.054440258583916774,0.09892482757568359,0.008806006190144914,30,log2,1,10,100,"{'max_depth': 30, 'max_features': 'log2', 'min_samples_leaf': 1, 'min_samples_split': 10, 'n_estimators': 100}",0.9734207313154681,0.9724637993914413,0.9695898656215004,0.972718253968254,0.9709580787652107,0.9718301458123749,0.0013783737857219554,11,0.9811075825725344,0.9814106420400535,0.9816174414863034,0.9818362914161597,0.9818913631056781,0.9815726641241458,0.00028831420619491804
1.699116086959839,0.05343344360312256,0.16001715660095214,0.011996802431624074,30,log2,1,10,200,"{'max_depth': 30, 'max_features': 'log2', 'min_samples_leaf': 1, 'min_samples_split': 10, 'n_estimators': 200}",0.9723256134546457,0.9726366969205412,0.9706096788980813,0.9720384284699638,0.9702428297384551,0.9715706494963374,0.0009603972779322681,51,0.9811817766502395,0.981518817204301,0.9816626330664951,0.9818811078729207,0.9818975270728947,0.9816283723733703,0.00026417545498813626
2.5776534557342528,0.09935437521523859,0.2063809871673584,0.009889010357845984,30,log2,1,10,300,"{'max_depth': 30, 'max_features': 'log2', 'min_samples_leaf': 1, 'min_samples_split': 10, 'n_estimators': 300}",0.9726022658479634,0.9726366969205412,0.9706096788980813,0.971077680889303,0.9712932758076397,0.9716439196727057,0.0008267122250559102,31,0.9812204695801051,0.98138932648525,0.9816174414863034,0.981892532308189,0.9821048603421151,0.9816449260403924,0.00032221056647333706
0.8870401382446289,0.05740872934666048,0.10493655204772949,0.012272073542744986,30,log2,2,2,100,"{'max_depth': 30, 'max_features': 'log2', 'min_samples_leaf': 2, 'min_samples_split': 2, 'n_estimators': 100}",0.9716723608082821,0.9722217417625183,0.9707231792226768,0.9724415289017818,0.9706171337669022,0.9715351888924323,0.0007501743940921289,65,0.9812058563661692,0.9817869837579748,0.9816174414863034,0.9823843702170759,0.9819915658932953,0.9817972435441638,0.00039106310051876484
1.7273674964904786,0.05432937815404686,0.1688690662384033,0.027878351389837953,30,log2,2,2,200,"{'max_depth': 30, 'max_features': 'log2', 'min_samples_leaf': 2, 'min_samples_split': 2, 'n_estimators': 200}",0.9715674110835401,0.9726667095088147,0.9699896591934172,0.9722508886595573,0.9705857464416877,0.9714120829774033,0.0010007927875238956,97,0.9812414855756589,0.9817537674778692,0.9814659596305165,0.9823221193739279,0.9819915658932953,0.9817549795902536,0.0003807441982172391
2.635247325897217,0.0729940838527568,0.23969244956970215,0.028791131337986307,30,log2,2,2,300,"{'max_depth': 30, 'max_features': 'log2', 'min_samples_leaf': 2, 'min_samples_split': 2, 'n_estimators': 300}",0.9722896986054881,0.9726667095088147,0.9702425913889718,0.9719754376796447,0.9706874451865345,0.9715723764738907,0.0009408513084227357,47,0.9813292666115246,0.9817925894638441,0.9815712354822991,0.9823765020026703,0.982040160788093,0.9818219508696862,0.00036375832731389154
0.8533691883087158,0.04397533701480899,0.09408864974975586,0.00722232644535479,30,log2,2,5,100,"{'max_depth': 30, 'max_features': 'log2', 'min_samples_leaf': 2, 'min_samples_split': 5, 'n_estimators': 100}",0.9725856697819314,0.9724637993914413,0.9697228687012127,0.9723034768763655,0.9709228664632222,0.9715997362428347,0.0011130773032386315,39,0.9814774504211403,0.9817202728325499,0.9815981657608696,0.9824850963457331,0.9820810235536546,0.9818724017827896,0.0003669476425942949
1.7531525135040282,0.05595234612423345,0.157570743560791,0.008809266584192513,30,log2,2,5,200,"{'max_depth': 30, 'max_features': 'log2', 'min_samples_leaf': 2, 'min_samples_split': 5, 'n_estimators': 200}",0.9723900061042503,0.9723256134546457,0.970376889397373,0.9722508886595573,0.9704176821581646,0.9715522159547982,0.0009441121784997493,59,0.9812519166106254,0.9816864974216388,0.9815655265989799,0.9823065515149537,0.9820652173913044,0.9817751419075004,0.00037204867717210223
2.591558837890625,0.07781490223666811,0.21480221748352052,0.014201561227084736,30,log2,2,5,300,"{'max_depth': 30, 'max_features': 'log2', 'min_samples_leaf': 2, 'min_samples_split': 5, 'n_estimators': 300}",0.9721518987341772,0.9725661015054244,0.9704942605814367,0.972334726940162,0.9707874611311875,0.9716668897784775,0.0008530270653316156,19,0.9813292666115246,0.981737055100135,0.9816591026060918,0.9822594565123438,0.9820810235536546,0.9818131808767501,0.0003269892676951103
0.8442628860473633,0.014579696644625018,0.09809012413024902,0.008637282669178913,30,log2,2,10,100,"{'max_depth': 30, 'max_features': 'log2', 'min_samples_leaf': 2, 'min_samples_split': 10, 'n_estimators': 100}",0.9730838158257513,0.9725306149178145,0.9695898656215004,0.9728191000918273,0.9712630675778932,0.9718572928069573,0.0012943820377334485,7,0.9807426747458893,0.9811491788151695,0.9813671237720564,0.9811607625534027,0.981565175927253,0.9811969831627542,0.0002736812249998518
1.662178373336792,0.021042559122309443,0.16437206268310547,0.017517784079765904,30,log2,2,10,200,"{'max_depth': 30, 'max_features': 'log2', 'min_samples_leaf': 2, 'min_samples_split': 10, 'n_estimators': 200}",0.9729827899334084,0.9728395061728395,0.9701085646413247,0.9728191000918273,0.9705882352941176,0.9718676392267035,0.0012509661911626617,3,0.9806903314853518,0.9808463935173748,0.9812629508144495,0.9813331037574254,0.9813012581105034,0.9810868075370209,0.00026558218736404056
2.5417364120483397,0.050762548264513735,0.20498194694519042,0.012801999603997942,30,log2,2,10,300,"{'max_depth': 30, 'max_features': 'log2', 'min_samples_leaf': 2, 'min_samples_split': 10, 'n_estimators': 300}",0.9728436090550078,0.9727002706211084,0.9698561315368806,0.971672917731009,0.9704301075268816,0.9715006072941774,0.0011935499136890002,77,0.9807835336850298,0.9807506254849617,0.9813671237720564,0.9814627999371822,0.9814584686036661,0.9811645102965793,0.00032646109485717816
0.809636926651001,0.033966360199253705,0.09713187217712402,0.005083176159785607,30,log2,4,2,100,"{'max_depth': 30, 'max_features': 'log2', 'min_samples_leaf': 4, 'min_samples_split': 2, 'n_estimators': 100}",0.9726425686284158,0.9718898247871574,0.969219440353461,0.9713243704007425,0.9709322049029585,0.9712016818145471,0.0011460058521878852,133,0.9791593822436954,0.9790583002124847,0.9802911158259321,0.9790356725509346,0.9800054430123585,0.9795099827690811,0.0005305766200175444
1.6166332244873047,0.05643265647197905,0.15192108154296874,0.009545111349345284,30,log2,4,2,200,"{'max_depth': 30, 'max_features': 'log2', 'min_samples_leaf': 4, 'min_samples_split': 2, 'n_estimators': 200}",0.9729218606113693,0.9716494845360825,0.9694845665883746,0.9721518987341772,0.9710526315789473,0.9714520884097901,0.0011592789071472227,83,0.9792959864178808,0.9791508282530251,0.9801946312271328,0.9791416068585873,0.9801424302510683,0.9795850966015388,0.00047979372768192216
2.459123373031616,0.05506352976007399,0.23271574974060058,0.02345136000074821,30,log2,4,2,300,"{'max_depth': 30, 'max_features': 'log2', 'min_samples_leaf': 4, 'min_samples_split': 2, 'n_estimators': 300}",0.9735085265003276,0.9716494845360825,0.9693518403195823,0.972627021867703,0.9711886678990623,0.9716651082245515,0.0014072609338641072,21,0.9795991831000558,0.9791350295530629,0.9803679803679803,0.9792245402249101,0.9800231706171525,0.9796699807726323,0.00046937168655434273
0.8161340236663819,0.04377803970950617,0.10185232162475585,0.014898081760053328,30,log2,4,5,100,"{'max_depth': 30, 'max_features': 'log2', 'min_samples_leaf': 4, 'min_samples_split': 5, 'n_estimators': 100}",0.9726425686284158,0.9718898247871574,0.969219440353461,0.9713243704007425,0.9709322049029585,0.9712016818145471,0.0011460058521878852,133,0.9791593822436954,0.9790583002124847,0.9802911158259321,0.9790356725509346,0.9800054430123585,0.9795099827690811,0.0005305766200175444
1.656038761138916,0.02361994570147911,0.1432107925415039,0.011433305953103148,30,log2,4,5,200,"{'max_depth': 30, 'max_features': 'log2', 'min_samples_leaf': 4, 'min_samples_split': 5, 'n_estimators': 200}",0.9729218606113693,0.9716494845360825,0.9694845665883746,0.9721518987341772,0.9710526315789473,0.9714520884097901,0.0011592789071472227,83,0.9792959864178808,0.9791508282530251,0.9801946312271328,0.9791416068585873,0.9801424302510683,0.9795850966015388,0.00047979372768192216
2.4321975708007812,0.022205612373686005,0.21596307754516603,0.011177458399517597,30,log2,4,5,300,"{'max_depth': 30, 'max_features': 'log2', 'min_samples_leaf': 4, 'min_samples_split': 5, 'n_estimators': 300}",0.9735085265003276,0.9716494845360825,0.9693518403195823,0.972627021867703,0.9711886678990623,0.9716651082245515,0.0014072609338641072,21,0.9795991831000558,0.9791350295530629,0.9803679803679803,0.9792245402249101,0.9800231706171525,0.9796699807726323,0.00046937168655434273
0.8589395046234131,0.020372388696594534,0.0910071849822998,0.011654189269713974,30,log2,4,10,100,"{'max_depth': 30, 'max_features': 'log2', 'min_samples_leaf': 4, 'min_samples_split': 10, 'n_estimators': 100}",0.9735085265003276,0.9712488935643679,0.969232573771897,0.9713243704007425,0.9706463199657157,0.9711921368406102,0.0013801573516774837,141,0.9794705098650569,0.9785346097201767,0.9802498974945509,0.978775795618187,0.9804062514173718,0.9794874128230686,0.0007536797391173766
1.5995841026306152,0.06939576152874095,0.14683470726013184,0.011713760518575266,30,log2,4,10,200,"{'max_depth': 30, 'max_features': 'log2', 'min_samples_leaf': 4, 'min_samples_split': 10, 'n_estimators': 200}",0.9732025642529426,0.9716494845360825,0.9693630964570961,0.9726667095088147,0.9710680402041519,0.9715899789918175,0.0013412491686444006,41,0.9791639425073738,0.9789594622645555,0.9801757851993128,0.9789288670954596,0.9799809940471921,0.9794418102227788,0.0005296072383602005
2.227173376083374,0.2972307892562006,0.19186949729919434,0.020287399827282063,30,log2,4,10,300,"{'max_depth': 30, 'max_features': 'log2', 'min_samples_leaf': 4, 'min_samples_split': 10, 'n_estimators': 300}",0.9734298328405476,0.9708410764518057,0.9689670138888888,0.9722896986054881,0.9706744080980859,0.9712404059769633,0.001519390289947713,129,0.9792083305857479,0.9788745534393701,0.9802892767216315,0.9789901275777205,0.9797623307871713,0.9794249238223282,0.0005291157448712553
